player_id,player_name,team,season,position,pa,obp,slg,ops,bb_pct,k_pct,iso,wrc_plus,bsr,hard_hit_pct,war,active_flag
15640,Aaron Judge,NYY,2025,Unknown,679,0.457,0.688,1.144,0.183,0.236,0.357,204.0,-4.1,0.5820000000000001,10.1,1
21534,Cal Raleigh,SEA,2025,Unknown,705,0.359,0.589,0.948,0.138,0.267,0.342,161.0,-2.8,0.496,9.1,1
25764,Bobby Witt Jr.,KCR,2025,Unknown,687,0.351,0.501,0.852,0.071,0.182,0.205,130.0,7.4,0.485,8.0,1
19755,Shohei Ohtani,LAD,2025,Unknown,727,0.392,0.622,1.014,0.15,0.257,0.34,172.0,3.7,0.584,7.5,1
22799,Geraldo Perdomo,ARI,2025,Unknown,720,0.389,0.462,0.851,0.131,0.115,0.173,138.0,3.8,0.319,7.1,1
16252,Trea Turner,PHI,2025,Unknown,639,0.355,0.457,0.812,0.067,0.1669999999999999,0.153,125.0,8.0,0.421,6.7,1
25878,Corbin Carroll,ARI,2025,Unknown,642,0.343,0.541,0.883,0.104,0.238,0.282,139.0,10.3,0.499,6.5,1
13510,Jose Ramirez,CLE,2025,Unknown,673,0.36,0.503,0.863,0.098,0.11,0.219,133.0,7.3,0.37,6.3,1
12916,Francisco Lindor,NYM,2025,Unknown,732,0.346,0.466,0.811,0.089,0.179,0.199,129.0,2.7,0.444,6.3,1
19709,Fernando Tatis Jr.,SDP,2025,Unknown,691,0.368,0.446,0.814,0.129,0.187,0.178,131.0,5.8,0.518,6.1,1
20123,Juan Soto,NYM,2025,Unknown,715,0.396,0.525,0.921,0.178,0.192,0.262,156.0,2.7,0.551,5.8,1
21636,Jeremy Pena,HOU,2025,Unknown,543,0.363,0.477,0.84,0.064,0.171,0.172,135.0,4.3,0.429,5.7,1
23697,Julio Rodriguez,SEA,2025,Unknown,710,0.324,0.474,0.798,0.062,0.214,0.207,126.0,3.9,0.48,5.7,1
22715,Maikel Garcia,KCR,2025,Unknown,666,0.351,0.449,0.8,0.093,0.126,0.163,121.0,1.1,0.451,5.6,1
27769,Pete Crow-Armstrong,CHC,2025,Unknown,647,0.287,0.481,0.768,0.045,0.24,0.234,109.0,6.7,0.416,5.4,1
12856,George Springer,TOR,2025,Unknown,586,0.399,0.56,0.959,0.118,0.1889999999999999,0.251,166.0,2.8,0.467,5.2,1
14161,Byron Buxton,MIN,2025,Unknown,542,0.327,0.551,0.878,0.076,0.273,0.287,136.0,8.5,0.5379999999999999,5.0,1
16478,Kyle Schwarber,PHI,2025,Unknown,724,0.365,0.563,0.928,0.149,0.272,0.323,152.0,-1.1,0.596,4.9,1
15998,Cody Bellinger,NYY,2025,Unknown,656,0.334,0.48,0.813,0.087,0.1369999999999999,0.207,125.0,0.9,0.379,4.9,1
26289,Gunnar Henderson,BAL,2025,Unknown,651,0.349,0.438,0.787,0.095,0.21,0.165,120.0,7.3,0.49,4.8,1
21479,Nico Hoerner,CHC,2025,Unknown,649,0.345,0.394,0.739,0.06,0.076,0.097,109.0,4.6,0.303,4.8,1
14344,Matt Olson,ATL,2025,Unknown,724,0.366,0.484,0.85,0.126,0.243,0.212,136.0,-4.8,0.532,4.7,1
22581,Alejandro Kirk,TOR,2025,Unknown,506,0.348,0.421,0.769,0.095,0.1169999999999999,0.14,116.0,-5.9,0.508,4.7,1
35110,Nick Kurtz,ATH,2025,Unknown,489,0.383,0.619,1.002,0.129,0.309,0.329,170.0,-0.3,0.509,4.6,1
13613,Ketel Marte,ARI,2025,Unknown,556,0.376,0.517,0.893,0.115,0.149,0.233,145.0,-3.4,0.47,4.6,1
28163,Junior Caminero,TBR,2025,Unknown,653,0.311,0.535,0.846,0.063,0.191,0.271,129.0,0.0,0.514,4.6,1
18345,Kyle Tucker,CHC,2025,Unknown,597,0.377,0.464,0.841,0.146,0.147,0.198,136.0,3.8,0.402,4.5,1
20454,Jazz Chisholm Jr.,NYY,2025,Unknown,531,0.332,0.481,0.813,0.109,0.2789999999999999,0.238,126.0,2.9,0.433,4.4,1
22186,Brice Turang,MIL,2025,Unknown,659,0.359,0.435,0.794,0.1,0.228,0.147,124.0,2.6,0.474,4.4,1
26668,Elly De La Cruz,CIN,2025,Unknown,699,0.336,0.44,0.777,0.096,0.259,0.176,109.0,9.4,0.441,4.3,1
19197,Will Smith,LAD,2025,Unknown,436,0.404,0.497,0.901,0.147,0.204,0.202,153.0,-2.9,0.471,4.1,1
33333,Wyatt Langford,TEX,2025,Unknown,573,0.344,0.431,0.775,0.129,0.264,0.19,118.0,1.6,0.484,4.1,1
24816,Andy Pages,LAD,2025,Unknown,624,0.313,0.461,0.774,0.046,0.216,0.189,113.0,0.6,0.372,4.1,1
27464,Dillon Dingler,DET,2025,Unknown,469,0.327,0.425,0.752,0.049,0.235,0.147,109.0,-0.2,0.456,4.1,1
15986,Willy Adames,SFG,2025,Unknown,686,0.318,0.421,0.74,0.1169999999999999,0.261,0.196,108.0,0.9,0.427,4.1,1
26151,Kyle Stowers,MIA,2025,Unknown,457,0.368,0.544,0.912,0.105,0.2739999999999999,0.256,149.0,1.0,0.52,4.0,1
13624,Corey Seager,TEX,2025,Unknown,445,0.373,0.487,0.86,0.13,0.196,0.216,138.0,-1.4,0.536,4.0,1
25816,Shea Langeliers,ATH,2025,Unknown,523,0.325,0.536,0.861,0.069,0.1969999999999999,0.26,132.0,0.6,0.446,3.9,1
19611,Vladimir Guerrero Jr.,TOR,2025,Unknown,680,0.381,0.467,0.848,0.119,0.138,0.175,137.0,-2.6,0.507,3.9,1
24617,Jarren Duran,BOS,2025,Unknown,696,0.332,0.442,0.774,0.086,0.243,0.185,111.0,7.2,0.4679999999999999,3.9,1
5361,Freddie Freeman,LAD,2025,Unknown,627,0.367,0.502,0.869,0.096,0.204,0.207,139.0,-1.7,0.457,3.8,1
19612,Bo Bichette,TOR,2025,Unknown,628,0.357,0.483,0.84,0.064,0.145,0.172,134.0,-3.2,0.488,3.8,1
12552,Eugenio Suarez,- - -,2025,Unknown,657,0.298,0.526,0.824,0.07,0.298,0.298,125.0,-3.4,0.476,3.8,1
11493,Manny Machado,SDP,2025,Unknown,678,0.335,0.46,0.795,0.081,0.193,0.185,123.0,-0.7,0.515,3.8,1
24262,Ceddanne Rafaela,BOS,2025,Unknown,587,0.295,0.414,0.708,0.048,0.1989999999999999,0.165,91.0,3.9,0.387,3.8,1
16505,Matt Chapman,SFG,2025,Unknown,535,0.34,0.43,0.77,0.133,0.236,0.198,118.0,0.9,0.476,3.7,1
19251,Pete Alonso,NYM,2025,Unknown,709,0.347,0.524,0.871,0.086,0.228,0.252,141.0,-5.4,0.544,3.6,1
29622,Sal Frelick,MIL,2025,Unknown,594,0.351,0.405,0.756,0.079,0.135,0.117,114.0,2.5,0.272,3.6,1
20503,William Contreras,MIL,2025,Unknown,659,0.355,0.399,0.754,0.127,0.182,0.14,113.0,-3.3,0.485,3.6,1
18401,Ronald Acuna Jr.,ATL,2025,Unknown,412,0.417,0.518,0.935,0.172,0.248,0.228,161.0,1.9,0.525,3.5,1
26319,Michael Busch,CHC,2025,Unknown,592,0.343,0.523,0.866,0.095,0.235,0.261,140.0,-3.4,0.473,3.5,1
11579,Bryce Harper,PHI,2025,Unknown,580,0.357,0.487,0.844,0.121,0.209,0.226,131.0,1.4,0.475,3.5,1
17678,Alex Bregman,BOS,2025,Unknown,495,0.36,0.462,0.821,0.103,0.141,0.189,125.0,-2.0,0.444,3.5,1
27479,Masyn Winn,STL,2025,Unknown,537,0.31,0.363,0.673,0.063,0.19,0.11,91.0,1.6,0.346,3.5,1
29715,Hunter Goodman,COL,2025,Unknown,579,0.323,0.52,0.843,0.057,0.263,0.243,118.0,-2.4,0.469,3.4,1
27467,Tyler Soderstrom,ATH,2025,Unknown,624,0.346,0.474,0.82,0.088,0.226,0.198,125.0,-0.7,0.498,3.4,1
33266,Jacob Wilson,ATH,2025,Unknown,523,0.355,0.444,0.8,0.052,0.075,0.134,121.0,-0.3,0.247,3.4,1
13611,Mookie Betts,LAD,2025,Unknown,663,0.326,0.406,0.732,0.092,0.103,0.148,104.0,-0.3,0.358,3.4,1
17350,Rafael Devers,- - -,2025,Unknown,729,0.372,0.479,0.851,0.154,0.263,0.227,135.0,-5.8,0.561,3.3,1
18314,Dansby Swanson,CHC,2025,Unknown,645,0.3,0.417,0.717,0.073,0.26,0.173,99.0,4.7,0.477,3.3,1
29518,James Wood,WSN,2025,Unknown,689,0.35,0.475,0.825,0.123,0.321,0.219,127.0,-0.8,0.563,3.2,1
18564,Trent Grisham,NYY,2025,Unknown,581,0.348,0.464,0.811,0.141,0.236,0.229,129.0,-3.0,0.4639999999999999,3.2,1
18030,Harrison Bader,- - -,2025,Unknown,501,0.347,0.449,0.796,0.078,0.271,0.172,122.0,-1.0,0.4029999999999999,3.2,1
19392,Zach McKinstry,DET,2025,Unknown,511,0.333,0.438,0.771,0.09,0.217,0.179,114.0,4.4,0.305,3.2,1
12161,Xander Bogaerts,SDP,2025,Unknown,552,0.328,0.391,0.72,0.087,0.17,0.128,104.0,1.7,0.392,3.2,1
20352,Ernie Clement,TOR,2025,Unknown,588,0.313,0.398,0.711,0.046,0.104,0.121,98.0,1.1,0.26,3.2,1
24610,Steven Kwan,CLE,2025,Unknown,693,0.33,0.374,0.705,0.079,0.087,0.102,99.0,0.5,0.193,3.2,1
27478,Patrick Bailey,SFG,2025,Unknown,452,0.277,0.325,0.602,0.066,0.294,0.103,70.0,-2.6,0.364,3.2,1
18839,Josh Naylor,- - -,2025,Unknown,604,0.353,0.462,0.816,0.079,0.1369999999999999,0.168,128.0,0.6,0.416,3.1,1
31539,Drake Baldwin,ATL,2025,Unknown,446,0.341,0.469,0.81,0.085,0.152,0.195,125.0,-1.5,0.496,3.1,1
31347,Zach Neto,LAA,2025,Unknown,554,0.319,0.474,0.793,0.06,0.2689999999999999,0.217,116.0,3.0,0.466,3.1,1
25768,CJ Abrams,WSN,2025,Unknown,635,0.315,0.433,0.748,0.0579999999999999,0.1969999999999999,0.176,107.0,7.4,0.392,3.1,1
26294,Bryson Stott,PHI,2025,Unknown,560,0.328,0.391,0.719,0.096,0.163,0.134,100.0,3.8,0.295,3.1,1
17128,Ramon Laureano,- - -,2025,Unknown,488,0.342,0.512,0.855,0.072,0.244,0.231,138.0,-0.7,0.488,3.0,1
16578,Yandy Diaz,TBR,2025,Unknown,651,0.366,0.482,0.848,0.088,0.141,0.182,135.0,-1.0,0.524,3.0,1
29576,Ben Rice,NYY,2025,Unknown,530,0.337,0.499,0.836,0.094,0.1889999999999999,0.244,133.0,-2.0,0.5579999999999999,3.0,1
16442,Ryan O'Hearn,- - -,2025,Unknown,544,0.366,0.437,0.803,0.107,0.2,0.156,127.0,-0.6,0.423,3.0,1
29490,Jackson Merrill,SDP,2025,Unknown,483,0.317,0.457,0.774,0.068,0.2239999999999999,0.193,116.0,1.9,0.429,3.0,1
12927,Brandon Nimmo,NYM,2025,Unknown,652,0.324,0.436,0.76,0.077,0.216,0.174,114.0,1.3,0.502,3.0,1
12564,Trevor Story,BOS,2025,Unknown,654,0.308,0.433,0.741,0.05,0.2689999999999999,0.17,101.0,7.8,0.47,3.0,1
27562,Austin Wells,NYY,2025,Unknown,448,0.275,0.436,0.712,0.067,0.263,0.217,94.0,-0.6,0.451,3.0,1
13301,Max Muncy,LAD,2025,Unknown,388,0.376,0.47,0.846,0.165,0.214,0.227,137.0,0.4,0.515,2.9,1
25976,Riley Greene,DET,2025,Unknown,655,0.313,0.493,0.806,0.07,0.307,0.235,121.0,-2.0,0.455,2.9,1
17548,Taylor Ward,LAA,2025,Unknown,663,0.317,0.475,0.792,0.113,0.264,0.247,117.0,-1.1,0.427,2.9,1
24679,Brendan Donovan,STL,2025,Unknown,515,0.353,0.422,0.775,0.0819999999999999,0.13,0.135,119.0,-0.5,0.409,2.9,1
28806,Jackson Chourio,MIL,2025,Unknown,589,0.308,0.463,0.77,0.051,0.205,0.193,111.0,3.1,0.423,2.9,1
19290,Randy Arozarena,SEA,2025,Unknown,709,0.334,0.426,0.76,0.09,0.2689999999999999,0.188,120.0,-1.3,0.506,2.9,1
18036,Jake Cronenworth,SDP,2025,Unknown,515,0.367,0.377,0.744,0.134,0.208,0.131,117.0,-0.6,0.389,2.9,1
19522,TJ Friedl,CIN,2025,Unknown,685,0.364,0.378,0.742,0.118,0.168,0.117,109.0,1.8,0.321,2.9,1
11609,Willson Contreras,STL,2025,Unknown,563,0.344,0.447,0.791,0.078,0.252,0.19,124.0,-2.5,0.489,2.8,1
17919,Ian Happ,CHC,2025,Unknown,663,0.342,0.42,0.762,0.131,0.228,0.178,116.0,-3.3,0.444,2.8,1
15491,J.P. Crawford,SEA,2025,Unknown,654,0.352,0.37,0.722,0.113,0.187,0.105,113.0,-2.2,0.347,2.8,1
31812,Roman Anthony,BOS,2025,Unknown,303,0.396,0.463,0.859,0.132,0.2769999999999999,0.171,140.0,1.2,0.603,2.7,1
29712,Colson Montgomery,CHW,2025,Unknown,284,0.311,0.529,0.84,0.088,0.292,0.29,129.0,-0.4,0.4429999999999999,2.7,1
20599,Ivan Herrera,STL,2025,Unknown,452,0.373,0.464,0.837,0.095,0.186,0.18,137.0,0.6,0.474,2.7,1
22664,Gabriel Moreno,ARI,2025,Unknown,309,0.353,0.433,0.786,0.094,0.172,0.148,117.0,-0.4,0.434,2.7,1
13620,Carson Kelly,CHC,2025,Unknown,421,0.333,0.428,0.761,0.107,0.19,0.179,115.0,-3.2,0.4029999999999999,2.7,1
19722,Carlos Narvaez,BOS,2025,Unknown,446,0.306,0.419,0.726,0.085,0.249,0.179,97.0,-2.1,0.446,2.7,1
13152,Jorge Polanco,SEA,2025,Unknown,524,0.326,0.495,0.821,0.08,0.156,0.229,132.0,0.2,0.4579999999999999,2.6,1
30116,Seiya Suzuki,CHC,2025,Unknown,651,0.326,0.478,0.804,0.109,0.252,0.233,123.0,-0.5,0.487,2.6,1
25477,Isaac Collins,MIL,2025,Unknown,441,0.368,0.411,0.779,0.129,0.211,0.148,122.0,1.2,0.389,2.6,1
16997,Gleyber Torres,DET,2025,Unknown,628,0.358,0.387,0.745,0.135,0.161,0.132,113.0,-3.4,0.39,2.6,1
14162,Carlos Correa,- - -,2025,Unknown,584,0.332,0.402,0.734,0.077,0.193,0.127,106.0,-2.9,0.4589999999999999,2.6,1
29646,Caleb Durbin,MIL,2025,Unknown,506,0.334,0.387,0.721,0.059,0.099,0.13,105.0,2.3,0.2689999999999999,2.6,1
21837,Jonathan Aranda,TBR,2025,Unknown,422,0.393,0.489,0.883,0.0969999999999999,0.254,0.173,146.0,-6.3,0.541,2.5,1
22266,Xavier Edwards,MIA,2025,Unknown,619,0.343,0.353,0.695,0.079,0.142,0.07,95.0,3.6,0.294,2.5,1
19627,Brent Rooker,ATH,2025,Unknown,699,0.335,0.479,0.814,0.093,0.222,0.217,122.0,-0.2,0.447,2.4,1
20036,Isaac Paredes,HOU,2025,Unknown,438,0.352,0.458,0.809,0.114,0.174,0.204,128.0,-3.0,0.336,2.4,1
11477,Christian Yelich,MIL,2025,Unknown,644,0.343,0.452,0.795,0.099,0.259,0.188,121.0,2.8,0.4639999999999999,2.4,1
23772,Wilyer Abreu,BOS,2025,Unknown,417,0.317,0.469,0.786,0.096,0.242,0.223,110.0,-1.0,0.449,2.4,1
20202,Brandon Marsh,PHI,2025,Unknown,425,0.342,0.443,0.785,0.089,0.259,0.164,116.0,2.6,0.462,2.4,1
33824,Jung Hoo Lee,SFG,2025,Unknown,617,0.327,0.407,0.735,0.076,0.115,0.141,107.0,3.5,0.32,2.4,1
27465,Spencer Torkelson,DET,2025,Unknown,649,0.333,0.456,0.789,0.111,0.26,0.217,118.0,-0.5,0.451,2.3,1
26123,Brett Baty,NYM,2025,Unknown,432,0.313,0.435,0.748,0.076,0.25,0.181,111.0,0.5,0.467,2.3,1
14854,Mike Yastrzemski,- - -,2025,Unknown,558,0.333,0.403,0.735,0.129,0.1939999999999999,0.17,106.0,1.8,0.426,2.3,1
20308,Jake Meyers,HOU,2025,Unknown,381,0.354,0.373,0.727,0.081,0.176,0.082,107.0,0.4,0.389,2.3,1
19608,Otto Lopez,MIA,2025,Unknown,594,0.305,0.368,0.672,0.074,0.138,0.121,86.0,0.7,0.3829999999999999,2.3,1
19918,Daulton Varsho,TOR,2025,Unknown,271,0.284,0.548,0.833,0.063,0.284,0.31,123.0,0.2,0.4029999999999999,2.2,1
24598,Addison Barger,TOR,2025,Unknown,502,0.301,0.454,0.756,0.072,0.241,0.211,107.0,-0.2,0.509,2.2,1
16530,Mauricio Dubon,HOU,2025,Unknown,398,0.289,0.355,0.644,0.06,0.106,0.114,80.0,0.2,0.263,2.2,1
31370,Jakob Marsee,MIA,2025,Unknown,234,0.363,0.478,0.842,0.094,0.205,0.187,133.0,2.2,0.414,2.1,1
27615,Alec Burleson,STL,2025,Unknown,546,0.343,0.459,0.801,0.071,0.145,0.169,124.0,-1.0,0.428,2.1,1
13897,Tyler Heineman,TOR,2025,Unknown,174,0.361,0.416,0.777,0.069,0.178,0.128,120.0,0.9,0.2239999999999999,2.1,1
5417,Jose Altuve,HOU,2025,Unknown,654,0.329,0.442,0.771,0.084,0.1669999999999999,0.177,113.0,-1.4,0.309,2.1,1
24618,Ryan Jeffers,MIN,2025,Unknown,464,0.356,0.397,0.752,0.108,0.196,0.131,113.0,-2.3,0.421,2.1,1
15362,Jeff McNeil,NYM,2025,Unknown,462,0.335,0.411,0.746,0.106,0.119,0.168,111.0,0.0,0.3289999999999999,2.1,1
11739,J.T. Realmuto,PHI,2025,Unknown,550,0.315,0.384,0.7,0.064,0.235,0.127,94.0,0.7,0.4539999999999999,2.1,1
23401,Jose Caballero,- - -,2025,Unknown,370,0.339,0.347,0.686,0.127,0.265,0.111,97.0,5.6,0.306,2.1,1
12533,Marcus Semien,TEX,2025,Unknown,534,0.305,0.364,0.669,0.094,0.174,0.134,89.0,2.9,0.35,2.1,1
22542,Lawrence Butler,ATH,2025,Unknown,630,0.306,0.404,0.71,0.094,0.284,0.17,96.0,3.3,0.444,2.0,1
19352,Sean Murphy,ATL,2025,Unknown,337,0.3,0.409,0.709,0.104,0.312,0.21,97.0,-0.9,0.429,2.0,1
4949,Giancarlo Stanton,NYY,2025,Unknown,281,0.35,0.594,0.944,0.103,0.342,0.321,158.0,-1.2,0.5479999999999999,1.9,1
33549,Kyle Teel,CHW,2025,Unknown,297,0.375,0.411,0.786,0.125,0.259,0.138,125.0,-1.3,0.376,1.9,1
27815,Jordan Westburg,BAL,2025,Unknown,352,0.313,0.457,0.77,0.048,0.2269999999999999,0.192,115.0,-1.3,0.434,1.9,1
15112,Ryan McMahon,- - -,2025,Unknown,586,0.312,0.381,0.693,0.119,0.3229999999999999,0.167,86.0,0.6,0.505,1.9,1
10155,Mike Trout,LAA,2025,Unknown,556,0.359,0.439,0.797,0.156,0.32,0.206,120.0,-0.5,0.491,1.8,1
26121,Francisco Alvarez,NYM,2025,Unknown,277,0.339,0.447,0.787,0.0969999999999999,0.264,0.191,124.0,-1.0,0.5429999999999999,1.8,1
18123,Nathan Lukes,TOR,2025,Unknown,438,0.323,0.407,0.73,0.087,0.1369999999999999,0.152,103.0,-1.3,0.367,1.8,1
26396,Josh Smith,TEX,2025,Unknown,563,0.335,0.366,0.7,0.098,0.178,0.115,100.0,1.9,0.31,1.8,1
26202,Jake Mangum,TBR,2025,Unknown,428,0.33,0.368,0.698,0.044,0.15,0.072,95.0,3.7,0.332,1.8,1
17620,Myles Straw,TOR,2025,Unknown,299,0.313,0.367,0.68,0.064,0.1669999999999999,0.105,91.0,3.6,0.271,1.8,1
26477,Spencer Horwitz,PIT,2025,Unknown,411,0.353,0.434,0.787,0.107,0.178,0.162,119.0,-0.4,0.36,1.7,1
18882,Brandon Lowe,TBR,2025,Unknown,553,0.307,0.477,0.785,0.069,0.2689999999999999,0.221,114.0,-1.7,0.4639999999999999,1.7,1
21618,Alec Bohm,PHI,2025,Unknown,504,0.331,0.409,0.741,0.0579999999999999,0.163,0.123,105.0,-2.8,0.4639999999999999,1.7,1
22857,Wenceel Perez,DET,2025,Unknown,383,0.308,0.43,0.738,0.081,0.2269999999999999,0.186,103.0,1.6,0.401,1.7,1
18360,Austin Riley,ATL,2025,Unknown,447,0.309,0.428,0.737,0.06,0.286,0.168,103.0,-1.5,0.502,1.7,1
7802,Miguel Rojas,LAD,2025,Unknown,317,0.318,0.397,0.715,0.076,0.145,0.134,100.0,0.8,0.312,1.7,1
26299,Josh Jung,TEX,2025,Unknown,511,0.294,0.39,0.684,0.053,0.252,0.139,91.0,-1.6,0.467,1.7,1
31349,Victor Scott II,STL,2025,Unknown,463,0.305,0.296,0.601,0.091,0.24,0.08,76.0,5.9,0.26,1.7,1
33321,Luke Keaschall,MIN,2025,Unknown,207,0.382,0.445,0.827,0.092,0.14,0.143,134.0,1.3,0.312,1.6,1
17022,Edmundo Sosa,PHI,2025,Unknown,261,0.307,0.469,0.777,0.038,0.215,0.193,111.0,-1.1,0.3779999999999999,1.6,1
27899,Colt Keith,DET,2025,Unknown,468,0.333,0.413,0.746,0.103,0.218,0.157,109.0,3.2,0.437,1.6,1
23003,Yainer Diaz,HOU,2025,Unknown,567,0.284,0.417,0.701,0.035,0.168,0.161,92.0,-1.7,0.422,1.6,1
21711,Oneil Cruz,PIT,2025,Unknown,544,0.298,0.378,0.676,0.118,0.32,0.178,86.0,5.8,0.5660000000000001,1.6,1
25782,Pedro Pages,STL,2025,Unknown,389,0.272,0.363,0.635,0.049,0.275,0.133,77.0,-2.7,0.365,1.6,1
15905,Luis Torrens,NYM,2025,Unknown,283,0.284,0.345,0.629,0.067,0.198,0.119,79.0,-0.8,0.481,1.6,1
26438,Dominic Canzone,SEA,2025,Unknown,268,0.358,0.481,0.84,0.075,0.22,0.181,141.0,-1.3,0.5,1.5,1
21562,Romy Gonzalez,BOS,2025,Unknown,341,0.343,0.483,0.826,0.053,0.238,0.178,123.0,-2.0,0.573,1.5,1
27676,Vinnie Pasquantino,KCR,2025,Unknown,682,0.323,0.475,0.798,0.072,0.157,0.211,116.0,-4.6,0.447,1.5,1
25961,Kerry Carpenter,DET,2025,Unknown,464,0.291,0.497,0.788,0.039,0.228,0.245,115.0,0.3,0.462,1.5,1
33322,Matt Shaw,CHC,2025,Unknown,437,0.295,0.394,0.69,0.087,0.215,0.168,93.0,1.8,0.294,1.5,1
25807,Jared Triolo,PIT,2025,Unknown,376,0.311,0.356,0.667,0.104,0.2019999999999999,0.13,86.0,2.1,0.382,1.5,1
21865,Bo Naylor,CLE,2025,Unknown,414,0.282,0.379,0.661,0.109,0.239,0.184,85.0,-0.6,0.3829999999999999,1.5,1
29995,Daylen Lile,WSN,2025,Unknown,351,0.347,0.498,0.845,0.06,0.16,0.199,132.0,1.6,0.4,1.4,1
26466,Matt Wallner,MIN,2025,Unknown,392,0.311,0.464,0.776,0.1169999999999999,0.291,0.262,114.0,-0.9,0.455,1.4,1
15274,Mike Tauchman,CHW,2025,Unknown,385,0.356,0.4,0.756,0.1169999999999999,0.223,0.137,115.0,-2.4,0.3879999999999999,1.4,1
33189,Nolan Schanuel,LAA,2025,Unknown,564,0.353,0.389,0.742,0.105,0.126,0.125,109.0,-1.2,0.29,1.4,1
27790,Evan Carter,TEX,2025,Unknown,220,0.336,0.392,0.728,0.086,0.186,0.144,107.0,2.7,0.346,1.4,1
20178,Miguel Vargas,CHW,2025,Unknown,569,0.316,0.401,0.717,0.098,0.176,0.167,101.0,-0.1,0.405,1.4,1
20572,Kody Clemens,- - -,2025,Unknown,386,0.281,0.434,0.715,0.075,0.241,0.221,95.0,1.6,0.483,1.4,1
12979,Javier Baez,DET,2025,Unknown,437,0.282,0.398,0.68,0.023,0.249,0.141,86.0,1.3,0.397,1.4,1
25931,Michael Harris II,ATL,2025,Unknown,641,0.268,0.409,0.678,0.025,0.2,0.16,83.0,2.1,0.433,1.4,1
31580,Chase Meidroth,CHW,2025,Unknown,505,0.329,0.32,0.649,0.089,0.143,0.067,87.0,-1.1,0.361,1.4,1
29695,Matt McLain,CIN,2025,Unknown,577,0.3,0.343,0.643,0.095,0.289,0.124,77.0,3.4,0.406,1.4,1
18577,Ke'Bryan Hayes,- - -,2025,Unknown,570,0.29,0.306,0.595,0.063,0.195,0.07,65.0,-0.9,0.423,1.4,1
25493,Joey Ortiz,MIL,2025,Unknown,506,0.276,0.317,0.593,0.053,0.146,0.087,67.0,2.5,0.3279999999999999,1.4,1
23565,Davis Schneider,TOR,2025,Unknown,227,0.361,0.436,0.797,0.159,0.264,0.202,127.0,0.3,0.411,1.3,1
10815,Jurickson Profar,ATL,2025,Unknown,371,0.353,0.434,0.787,0.129,0.159,0.189,122.0,0.0,0.402,1.3,1
24878,Heriberto Hernandez,MIA,2025,Unknown,294,0.347,0.438,0.784,0.105,0.262,0.172,118.0,-1.8,0.4539999999999999,1.3,1
19901,Gavin Sheets,SDP,2025,Unknown,545,0.317,0.429,0.746,0.081,0.196,0.177,111.0,-1.6,0.465,1.3,1
22896,Lenyn Sosa,CHW,2025,Unknown,544,0.293,0.434,0.727,0.033,0.233,0.17,100.0,-0.5,0.4379999999999999,1.3,1
16535,Danny Jansen,- - -,2025,Unknown,337,0.321,0.399,0.721,0.125,0.255,0.184,103.0,-1.1,0.39,1.3,1
21524,Joey Bart,PIT,2025,Unknown,332,0.355,0.34,0.696,0.12,0.28,0.091,101.0,-2.0,0.432,1.3,1
17929,Cedric Mullins,- - -,2025,Unknown,498,0.299,0.391,0.69,0.1,0.241,0.175,94.0,3.0,0.358,1.3,1
16556,Ozzie Albies,ATL,2025,Unknown,667,0.306,0.365,0.671,0.0819999999999999,0.141,0.124,87.0,2.2,0.307,1.3,1
20043,Luis Robert Jr.,CHW,2025,Unknown,431,0.297,0.364,0.661,0.093,0.26,0.141,84.0,1.7,0.412,1.3,1
29858,Denzel Clarke,ATH,2025,Unknown,159,0.274,0.372,0.646,0.038,0.384,0.142,75.0,1.8,0.427,1.3,1
25180,Daniel Schneemann,CLE,2025,Unknown,422,0.283,0.354,0.636,0.09,0.2769999999999999,0.148,79.0,1.0,0.417,1.3,1
20220,Jo Adell,LAA,2025,Unknown,573,0.293,0.485,0.778,0.0579999999999999,0.264,0.249,112.0,0.5,0.496,1.2,1
29794,Kyle Manzardo,CLE,2025,Unknown,531,0.313,0.455,0.768,0.09,0.254,0.221,113.0,-0.5,0.4379999999999999,1.2,1
19363,Austin Hays,CIN,2025,Unknown,416,0.315,0.453,0.768,0.07,0.257,0.187,105.0,1.3,0.384,1.2,1
10324,Marcell Ozuna,ATL,2025,Unknown,592,0.355,0.4,0.756,0.159,0.243,0.168,114.0,-2.8,0.444,1.2,1
31781,Jackson Holliday,BAL,2025,Unknown,649,0.314,0.375,0.69,0.086,0.216,0.133,96.0,-2.6,0.407,1.2,1
26288,Adley Rutschman,BAL,2025,Unknown,365,0.307,0.366,0.673,0.11,0.156,0.146,91.0,-1.4,0.386,1.2,1
19470,Tommy Edman,LAD,2025,Unknown,377,0.274,0.382,0.655,0.05,0.162,0.156,81.0,0.0,0.3989999999999999,1.2,1
12976,Austin Hedges,CLE,2025,Unknown,180,0.25,0.277,0.527,0.1,0.239,0.116,51.0,-1.0,0.322,1.2,1
18872,Jahmai Jones,DET,2025,Unknown,150,0.387,0.55,0.937,0.12,0.213,0.264,159.0,0.8,0.536,1.1,1
15878,Miguel Andujar,- - -,2025,Unknown,341,0.352,0.47,0.822,0.05,0.144,0.153,125.0,-2.6,0.354,1.1,1
17276,Alex Jackson,BAL,2025,Unknown,100,0.29,0.473,0.763,0.05,0.37,0.253,111.0,0.2,0.407,1.1,1
26517,Noelvi Marte,CIN,2025,Unknown,360,0.3,0.448,0.748,0.044,0.236,0.186,101.0,1.2,0.363,1.1,1
17988,Tyler Stephenson,CIN,2025,Unknown,342,0.316,0.421,0.737,0.108,0.3389999999999999,0.191,99.0,-1.0,0.492,1.1,1
22515,Heliot Ramos,SFG,2025,Unknown,695,0.328,0.4,0.728,0.075,0.2269999999999999,0.144,106.0,-2.6,0.474,1.1,1
19326,Bryan Reynolds,PIT,2025,Unknown,654,0.318,0.402,0.72,0.087,0.265,0.157,99.0,0.5,0.46,1.1,1
13419,Christian Walker,HOU,2025,Unknown,640,0.297,0.421,0.717,0.063,0.2769999999999999,0.183,99.0,-1.9,0.461,1.1,1
23789,Blaze Alexander,ARI,2025,Unknown,266,0.323,0.383,0.706,0.083,0.3229999999999999,0.152,99.0,-1.0,0.432,1.1,1
18795,Ramon Urias,- - -,2025,Unknown,391,0.292,0.384,0.675,0.069,0.225,0.142,87.0,-1.7,0.416,1.1,1
21614,Kyle Isbel,KCR,2025,Unknown,409,0.301,0.353,0.654,0.0559999999999999,0.181,0.098,79.0,-0.7,0.361,1.1,1
22563,Gabriel Arias,CLE,2025,Unknown,471,0.274,0.363,0.638,0.057,0.344,0.144,77.0,0.3,0.433,1.1,1
15271,Austin Wynns,- - -,2025,Unknown,110,0.321,0.544,0.865,0.045,0.291,0.252,132.0,-0.2,0.466,1.0,1
13770,Rob Refsnyder,BOS,2025,Unknown,209,0.354,0.484,0.838,0.115,0.258,0.214,128.0,-0.5,0.523,1.0,1
27462,Austin Martin,MIN,2025,Unknown,181,0.374,0.365,0.74,0.122,0.171,0.083,113.0,0.6,0.386,1.0,1
26323,Spencer Steer,CIN,2025,Unknown,568,0.312,0.411,0.723,0.09,0.2269999999999999,0.173,97.0,-0.4,0.332,1.0,1
19913,Jesus Sanchez,- - -,2025,Unknown,497,0.304,0.395,0.699,0.085,0.221,0.157,93.0,0.2,0.434,1.0,1
29844,Liam Hicks,MIA,2025,Unknown,390,0.346,0.346,0.693,0.11,0.144,0.099,98.0,-0.8,0.2769999999999999,1.0,1
5517,Kyle Higashioka,TEX,2025,Unknown,327,0.291,0.403,0.693,0.061,0.22,0.162,93.0,-1.3,0.391,1.0,1
31363,Graham Pauley,MIA,2025,Unknown,184,0.311,0.366,0.678,0.114,0.196,0.143,90.0,-0.7,0.354,1.0,1
35108,Cam Smith,HOU,2025,Unknown,493,0.312,0.358,0.671,0.087,0.278,0.122,90.0,1.8,0.408,1.0,1
20437,Royce Lewis,MIN,2025,Unknown,403,0.283,0.388,0.671,0.062,0.1989999999999999,0.152,85.0,1.1,0.4029999999999999,1.0,1
27647,Anthony Volpe,NYY,2025,Unknown,596,0.272,0.391,0.663,0.072,0.252,0.18,83.0,1.1,0.419,1.0,1
21538,Nick Fortes,- - -,2025,Unknown,242,0.296,0.349,0.644,0.0579999999999999,0.1939999999999999,0.119,80.0,0.1,0.379,1.0,1
21840,Freddy Fermin,- - -,2025,Unknown,347,0.297,0.339,0.636,0.055,0.187,0.088,77.0,-1.7,0.341,1.0,1
19950,Andres Gimenez,TOR,2025,Unknown,369,0.285,0.313,0.598,0.068,0.179,0.103,70.0,1.2,0.2769999999999999,1.0,1
29931,Jacob Young,WSN,2025,Unknown,364,0.296,0.287,0.583,0.074,0.179,0.056,66.0,0.0,0.342,1.0,1
16472,Rhys Hoskins,MIL,2025,Unknown,328,0.332,0.416,0.748,0.1159999999999999,0.2769999999999999,0.179,109.0,-1.1,0.4639999999999999,0.9,1
19296,Alex Call,- - -,2025,Unknown,322,0.361,0.385,0.746,0.1119999999999999,0.171,0.119,113.0,-1.4,0.289,0.9,1
31431,Jordan Beck,COL,2025,Unknown,588,0.317,0.416,0.732,0.073,0.296,0.158,90.0,-0.2,0.384,0.9,1
18568,Luis Arraez,SDP,2025,Unknown,675,0.327,0.392,0.719,0.05,0.031,0.1,104.0,-0.5,0.1669999999999999,0.9,1
17982,Ty France,- - -,2025,Unknown,490,0.32,0.36,0.681,0.045,0.1689999999999999,0.104,92.0,-2.9,0.442,0.9,1
9777,Nolan Arenado,STL,2025,Unknown,436,0.289,0.377,0.666,0.064,0.1119999999999999,0.14,84.0,-1.7,0.326,0.9,1
27490,Nick Gonzales,PIT,2025,Unknown,408,0.299,0.362,0.661,0.051,0.179,0.102,82.0,-0.4,0.3879999999999999,0.9,1
21693,Miguel Amaya,CHC,2025,Unknown,103,0.314,0.5,0.814,0.039,0.214,0.219,124.0,-0.1,0.3289999999999999,0.8,1
22239,Jeremiah Jackson,BAL,2025,Unknown,183,0.328,0.447,0.775,0.06,0.273,0.171,117.0,-1.0,0.467,0.8,1
15194,Jake Bauers,MIL,2025,Unknown,218,0.353,0.399,0.752,0.147,0.271,0.164,114.0,1.1,0.456,0.8,1
9218,Paul Goldschmidt,NYY,2025,Unknown,534,0.328,0.403,0.731,0.067,0.187,0.129,103.0,-2.5,0.434,0.8,1
14968,Victor Caratini,HOU,2025,Unknown,386,0.324,0.404,0.728,0.06,0.168,0.145,104.0,-2.1,0.407,0.8,1
21009,Leo Rivas,SEA,2025,Unknown,111,0.387,0.333,0.721,0.18,0.216,0.089,121.0,1.4,0.1969999999999999,0.8,1
35322,Hyeseong Kim,LAD,2025,Unknown,170,0.314,0.385,0.699,0.0409999999999999,0.306,0.106,95.0,1.7,0.282,0.8,1
25979,Nasim Nunez,WSN,2025,Unknown,92,0.297,0.402,0.699,0.087,0.217,0.171,94.0,1.8,0.422,0.8,1
24064,Ezequiel Tovar,COL,2025,Unknown,390,0.294,0.4,0.694,0.054,0.251,0.147,78.0,-0.3,0.389,0.8,1
15674,Reese McGuire,CHC,2025,Unknown,140,0.245,0.444,0.688,0.0289999999999999,0.193,0.218,86.0,-1.0,0.367,0.8,1
21454,Lars Nootbaar,STL,2025,Unknown,583,0.325,0.361,0.686,0.11,0.204,0.128,96.0,-1.5,0.5,0.8,1
13675,Tyrone Taylor,NYM,2025,Unknown,341,0.279,0.319,0.598,0.047,0.223,0.097,70.0,2.5,0.35,0.8,1
29478,Carter Jensen,KCR,2025,Unknown,69,0.391,0.55,0.941,0.13,0.174,0.25,159.0,0.1,0.583,0.7,1
29630,Joey Loperfido,TOR,2025,Unknown,104,0.379,0.5,0.879,0.038,0.26,0.167,148.0,-0.5,0.371,0.7,1
21842,Carlos Cortes,ATH,2025,Unknown,99,0.323,0.543,0.866,0.03,0.2019999999999999,0.234,132.0,-0.3,0.447,0.7,1
20002,Bryce Johnson,SDP,2025,Unknown,84,0.383,0.434,0.817,0.036,0.226,0.092,135.0,0.3,0.3329999999999999,0.7,1
19892,Pavin Smith,ARI,2025,Unknown,288,0.362,0.434,0.797,0.142,0.319,0.176,123.0,-2.0,0.4579999999999999,0.7,1
17232,Yoan Moncada,LAA,2025,Unknown,289,0.336,0.448,0.783,0.111,0.26,0.214,117.0,-0.3,0.434,0.7,1
31695,Dylan Beavers,BAL,2025,Unknown,137,0.375,0.4,0.775,0.19,0.263,0.173,125.0,-0.7,0.28,0.7,1
19455,Andruw Monasterio,MIL,2025,Unknown,135,0.319,0.437,0.755,0.052,0.237,0.167,111.0,-1.0,0.351,0.7,1
12859,James McCann,ARI,2025,Unknown,137,0.324,0.431,0.754,0.0579999999999999,0.241,0.171,110.0,-0.2,0.522,0.7,1
9241,Starling Marte,NYM,2025,Unknown,329,0.335,0.41,0.745,0.067,0.207,0.14,112.0,-1.6,0.4039999999999999,0.7,1
28080,Jasson Dominguez,NYY,2025,Unknown,429,0.331,0.388,0.719,0.096,0.268,0.131,103.0,3.0,0.496,0.7,1
19238,Lourdes Gurriel Jr.,ARI,2025,Unknown,546,0.295,0.418,0.713,0.057,0.139,0.17,95.0,-0.7,0.3829999999999999,0.7,1
27577,Casey Schmitt,SFG,2025,Unknown,348,0.305,0.401,0.706,0.078,0.239,0.163,98.0,-1.3,0.4379999999999999,0.7,1
20391,Luis Garcia Jr.,WSN,2025,Unknown,526,0.289,0.412,0.701,0.051,0.16,0.16,91.0,-0.9,0.4579999999999999,0.7,1
15223,Adam Frazier,- - -,2025,Unknown,459,0.319,0.365,0.684,0.057,0.176,0.098,89.0,-1.2,0.206,0.7,1
28253,Javier Sanoja,MIA,2025,Unknown,342,0.287,0.396,0.683,0.0559999999999999,0.12,0.153,86.0,-0.2,0.35,0.7,1
19346,Eli White,ATL,2025,Unknown,271,0.27,0.406,0.677,0.0409999999999999,0.258,0.172,84.0,1.5,0.4039999999999999,0.7,1
31912,Chandler Simpson,TBR,2025,Unknown,441,0.326,0.345,0.671,0.045,0.098,0.051,88.0,6.5,0.172,0.7,1
19287,Adolis Garcia,TEX,2025,Unknown,547,0.271,0.394,0.665,0.051,0.247,0.168,83.0,1.5,0.467,0.7,1
23698,Ronny Mauricio,NYM,2025,Unknown,184,0.293,0.369,0.663,0.0819999999999999,0.293,0.143,88.0,0.7,0.43,0.7,1
29591,Colton Cowser,BAL,2025,Unknown,360,0.269,0.385,0.655,0.075,0.356,0.19,83.0,2.0,0.457,0.7,1
16512,Isiah Kiner-Falefa,- - -,2025,Unknown,459,0.297,0.334,0.631,0.037,0.168,0.072,75.0,1.5,0.275,0.7,1
16947,Derek Hill,- - -,2025,Unknown,149,0.281,0.328,0.609,0.06,0.322,0.112,70.0,1.8,0.494,0.7,1
22277,Nick Allen,ATL,2025,Unknown,416,0.284,0.251,0.535,0.075,0.238,0.03,53.0,-0.5,0.216,0.7,1
19956,Mickey Moniak,COL,2025,Unknown,461,0.306,0.518,0.824,0.048,0.239,0.249,110.0,1.2,0.4529999999999999,0.6,1
26365,Jonny DeLuca,TBR,2025,Unknown,59,0.356,0.456,0.812,0.034,0.22,0.123,124.0,1.5,0.318,0.6,1
25643,Drew Millas,WSN,2025,Unknown,55,0.358,0.449,0.807,0.073,0.127,0.143,125.0,0.8,0.2269999999999999,0.6,1
21746,Jose Fermin,STL,2025,Unknown,70,0.377,0.417,0.793,0.114,0.143,0.133,129.0,-0.4,0.294,0.6,1
24605,Michael Helman,TEX,2025,Unknown,110,0.29,0.455,0.744,0.064,0.191,0.222,106.0,0.8,0.247,0.6,1
13066,Teoscar Hernandez,LAD,2025,Unknown,546,0.284,0.454,0.738,0.048,0.245,0.207,102.0,-0.8,0.46,0.6,1
26197,Andrew Vaughn,- - -,2025,Unknown,447,0.307,0.411,0.719,0.069,0.179,0.158,99.0,-2.4,0.477,0.6,1
12144,Max Kepler,PHI,2025,Unknown,474,0.3,0.391,0.691,0.1009999999999999,0.196,0.175,90.0,0.6,0.447,0.6,1
17338,Willi Castro,- - -,2025,Unknown,454,0.313,0.366,0.679,0.088,0.244,0.139,92.0,0.6,0.373,0.6,1
19318,Matt Thaiss,- - -,2025,Unknown,190,0.349,0.288,0.638,0.153,0.242,0.071,89.0,-0.5,0.429,0.6,1
24488,Max Schuemann,ATH,2025,Unknown,213,0.295,0.273,0.568,0.103,0.1639999999999999,0.077,62.0,0.1,0.3289999999999999,0.6,1
29524,Bryce Teodosio,LAA,2025,Unknown,150,0.248,0.304,0.553,0.033,0.313,0.101,51.0,1.6,0.266,0.6,1
31583,Zach Cole,HOU,2025,Unknown,52,0.327,0.553,0.88,0.096,0.385,0.298,142.0,0.5,0.481,0.5,1
19556,Yordan Alvarez,HOU,2025,Unknown,199,0.367,0.43,0.797,0.141,0.166,0.158,118.0,-0.5,0.529,0.5,1
7304,Salvador Perez,KCR,2025,Unknown,641,0.284,0.446,0.729,0.044,0.195,0.209,95.0,-4.8,0.4639999999999999,0.5,1
29592,Connor Norby,MIA,2025,Unknown,337,0.3,0.389,0.689,0.053,0.267,0.138,90.0,0.0,0.371,0.5,1
27653,Christian Koss,SFG,2025,Unknown,191,0.309,0.368,0.676,0.047,0.236,0.103,91.0,1.3,0.336,0.5,1
23792,Alek Thomas,ARI,2025,Unknown,469,0.289,0.37,0.659,0.045,0.26,0.12,81.0,2.0,0.3929999999999999,0.5,1
25479,Brenton Doyle,COL,2025,Unknown,538,0.274,0.376,0.651,0.0559999999999999,0.257,0.143,65.0,1.3,0.446,0.5,1
27883,Thomas Saggese,STL,2025,Unknown,295,0.299,0.342,0.641,0.054,0.281,0.084,81.0,0.6,0.441,0.5,1
20084,J.C. Escarra,NYY,2025,Unknown,98,0.296,0.333,0.629,0.1119999999999999,0.143,0.131,79.0,0.3,0.431,0.5,1
31505,Sal Stewart,CIN,2025,Unknown,58,0.293,0.545,0.839,0.052,0.259,0.291,124.0,0.2,0.525,0.4,1
15653,Dominic Smith,SFG,2025,Unknown,225,0.333,0.417,0.75,0.067,0.187,0.132,111.0,-0.3,0.355,0.4,1
15518,Amed Rosario,- - -,2025,Unknown,191,0.309,0.436,0.745,0.037,0.162,0.16,106.0,1.1,0.45,0.4,1
27690,Joey Wiemer,MIA,2025,Unknown,61,0.279,0.436,0.715,0.033,0.377,0.2,88.0,0.0,0.618,0.4,1
22184,Mark Vientos,NYM,2025,Unknown,463,0.289,0.413,0.702,0.065,0.248,0.179,97.0,-0.4,0.505,0.4,1
29788,Brett Harris,ATH,2025,Unknown,84,0.349,0.342,0.692,0.083,0.25,0.068,96.0,-0.2,0.278,0.4,1
29668,Marcelo Mayer,BOS,2025,Unknown,136,0.272,0.402,0.674,0.059,0.301,0.173,80.0,-0.2,0.517,0.4,1
18819,Andy Ibanez,DET,2025,Unknown,193,0.301,0.352,0.653,0.062,0.135,0.114,84.0,-1.0,0.364,0.4,1
19921,Blake Perkins,MIL,2025,Unknown,171,0.298,0.348,0.647,0.088,0.275,0.123,83.0,1.1,0.3429999999999999,0.4,1
26420,Kyren Paris,LAA,2025,Unknown,140,0.266,0.381,0.647,0.071,0.421,0.19,78.0,1.3,0.471,0.4,1
23690,Brayan Rocchio,CLE,2025,Unknown,383,0.29,0.34,0.63,0.057,0.201,0.108,77.0,-0.7,0.355,0.4,1
11680,Elias Diaz,SDP,2025,Unknown,283,0.27,0.337,0.607,0.074,0.261,0.133,74.0,-3.5,0.387,0.4,1
33197,Ben Williamson,SEA,2025,Unknown,295,0.294,0.31,0.604,0.051,0.217,0.058,76.0,-0.1,0.405,0.4,1
27555,Garrett Mitchell,MIL,2025,Unknown,78,0.286,0.294,0.58,0.09,0.321,0.088,65.0,0.9,0.422,0.4,1
24336,Johan Rojas,PHI,2025,Unknown,172,0.28,0.289,0.569,0.076,0.233,0.066,58.0,2.0,0.353,0.4,1
26548,Luisangel Acuna,NYM,2025,Unknown,193,0.293,0.274,0.567,0.067,0.192,0.04,65.0,4.1,0.355,0.4,1
28820,Moises Ballesteros,CHC,2025,Unknown,66,0.394,0.474,0.868,0.136,0.182,0.175,143.0,-0.7,0.3329999999999999,0.3,1
24622,Ryan Fitzgerald,MIN,2025,Unknown,53,0.302,0.457,0.758,0.132,0.151,0.261,110.0,0.4,0.342,0.3,1
26149,Dominic Fletcher,CHW,2025,Unknown,34,0.265,0.469,0.733,0.059,0.059,0.25,98.0,0.3,0.4,0.3,1
25055,Nate Eaton,BOS,2025,Unknown,90,0.348,0.383,0.731,0.067,0.211,0.086,102.0,0.8,0.375,0.3,1
19955,Gavin Lux,CIN,2025,Unknown,503,0.35,0.374,0.724,0.111,0.2269999999999999,0.105,102.0,0.0,0.369,0.3,1
19260,Jake Fraley,- - -,2025,Unknown,217,0.332,0.382,0.714,0.115,0.226,0.141,97.0,-0.3,0.345,0.3,1
13355,Luke Maile,KCR,2025,Unknown,54,0.346,0.356,0.702,0.13,0.296,0.111,99.0,-0.1,0.452,0.3,1
25779,Tyler Tolbert,KCR,2025,Unknown,57,0.321,0.38,0.701,0.018,0.193,0.1,92.0,2.7,0.381,0.3,1
9874,DJ LeMahieu,NYY,2025,Unknown,142,0.338,0.336,0.674,0.099,0.246,0.07,95.0,-1.5,0.516,0.3,1
31595,Brooks Lee,MIN,2025,Unknown,527,0.285,0.37,0.654,0.059,0.175,0.133,81.0,-2.9,0.385,0.3,1
27506,Ha-seong Kim,- - -,2025,Unknown,191,0.304,0.345,0.649,0.084,0.204,0.111,82.0,0.6,0.433,0.3,1
14111,Eric Haase,MIL,2025,Unknown,77,0.289,0.357,0.647,0.052,0.4029999999999999,0.129,82.0,0.5,0.225,0.3,1
2396,Carlos Santana,- - -,2025,Unknown,474,0.308,0.325,0.633,0.11,0.192,0.106,82.0,-1.0,0.3779999999999999,0.3,1
16725,Jose Trevino,CIN,2025,Unknown,302,0.272,0.351,0.623,0.05,0.129,0.113,66.0,-3.0,0.407,0.3,1
20017,Miles Mastrobuoni,SEA,2025,Unknown,175,0.324,0.296,0.62,0.0969999999999999,0.166,0.046,85.0,-0.8,0.364,0.3,1
26374,Kameron Misner,TBR,2025,Unknown,217,0.273,0.345,0.618,0.074,0.318,0.132,71.0,0.2,0.298,0.3,1
19452,Jake Rogers,DET,2025,Unknown,142,0.277,0.333,0.61,0.106,0.275,0.146,70.0,0.1,0.402,0.3,1
31665,Alex Freeland,LAD,2025,Unknown,97,0.292,0.31,0.601,0.113,0.361,0.119,73.0,0.1,0.38,0.3,1
22458,Taylor Walls,TBR,2025,Unknown,317,0.28,0.319,0.599,0.0819999999999999,0.221,0.099,66.0,0.6,0.262,0.3,1
21646,Rafael Marchan,PHI,2025,Unknown,118,0.282,0.305,0.587,0.085,0.144,0.095,65.0,-0.8,0.222,0.3,1
21496,Brandon Lockridge,- - -,2025,Unknown,148,0.276,0.299,0.574,0.054,0.243,0.067,63.0,1.9,0.32,0.3,1
9774,Christian Vazquez,MIN,2025,Unknown,214,0.271,0.274,0.545,0.084,0.1639999999999999,0.084,55.0,-1.3,0.2739999999999999,0.3,1
20450,Brewer Hicklen,DET,2025,Unknown,4,0.75,0.667,1.417,0.25,0.25,0.0,307.0,0.4,0.5,0.2,1
25543,Korey Lee,CHW,2025,Unknown,40,0.333,0.429,0.762,0.1,0.175,0.171,113.0,-0.1,0.345,0.2,1
26143,Troy Johnston,MIA,2025,Unknown,121,0.331,0.42,0.75,0.066,0.215,0.143,109.0,-1.3,0.407,0.2,1
17901,Andrew Benintendi,CHW,2025,Unknown,470,0.307,0.431,0.738,0.085,0.174,0.19,103.0,0.6,0.368,0.2,1
21501,Trevor Larnach,MIN,2025,Unknown,567,0.323,0.404,0.727,0.093,0.215,0.153,102.0,-2.0,0.456,0.2,1
33704,C.J. Kayfus,CLE,2025,Unknown,138,0.292,0.415,0.707,0.08,0.275,0.195,96.0,1.5,0.368,0.2,1
2967,Tommy Pham,PIT,2025,Unknown,449,0.33,0.37,0.7,0.111,0.209,0.125,94.0,-4.2,0.472,0.2,1
18054,Sam Haggerty,TEX,2025,Unknown,182,0.328,0.37,0.698,0.088,0.203,0.117,98.0,1.4,0.417,0.2,1
28312,Coby Mayo,BAL,2025,Unknown,294,0.299,0.388,0.687,0.092,0.286,0.171,95.0,0.9,0.358,0.2,1
13324,Ildemaro Vargas,ARI,2025,Unknown,121,0.292,0.383,0.674,0.017,0.124,0.113,85.0,-1.6,0.373,0.2,1
34979,Christian Moore,LAA,2025,Unknown,184,0.284,0.37,0.655,0.103,0.337,0.173,82.0,0.2,0.363,0.2,1
18015,Paul DeJong,WSN,2025,Unknown,208,0.269,0.373,0.642,0.053,0.337,0.145,76.0,0.5,0.397,0.2,1
18848,Yohel Pozo,STL,2025,Unknown,168,0.262,0.375,0.637,0.042,0.131,0.144,76.0,-1.1,0.353,0.2,1
19354,Luke Raley,SEA,2025,Unknown,219,0.319,0.311,0.631,0.087,0.292,0.109,91.0,0.2,0.423,0.2,1
33541,Dylan Crews,WSN,2025,Unknown,322,0.28,0.352,0.631,0.075,0.236,0.143,77.0,1.6,0.387,0.2,1
31765,Nacho Alvarez Jr.,ATL,2025,Unknown,208,0.296,0.33,0.626,0.0579999999999999,0.236,0.096,76.0,-1.7,0.268,0.2,1
23800,Parker Meadows,DET,2025,Unknown,213,0.291,0.33,0.621,0.099,0.263,0.115,75.0,0.3,0.309,0.2,1
19514,Andrew Knizner,SFG,2025,Unknown,88,0.299,0.299,0.598,0.08,0.114,0.078,73.0,-0.6,0.2319999999999999,0.2,1
31357,Nathan Church,STL,2025,Unknown,65,0.254,0.25,0.504,0.046,0.2769999999999999,0.071,46.0,0.3,0.415,0.2,1
26253,Ryne Nelson,ARI,2025,Unknown,1,1.0,1.0,2.0,0.0,0.0,0.0,489.0,0.0,0.0,0.1,1
31567,Trey Lipscomb,WSN,2025,Unknown,4,0.5,0.5,1.0,0.0,0.25,0.0,188.0,0.0,0.3329999999999999,0.1,1
16398,Brian Navarreto,MIA,2025,Unknown,15,0.267,0.643,0.91,0.0,0.2,0.357,132.0,-0.1,0.667,0.1,1
24589,Richie Palacios,TBR,2025,Unknown,48,0.396,0.452,0.848,0.104,0.188,0.119,138.0,1.1,0.441,0.1,1
27931,Petey Halpin,CLE,2025,Unknown,8,0.5,0.333,0.833,0.25,0.25,0.0,157.0,0.1,0.0,0.1,1
25971,Kevin Alcantara,CHC,2025,Unknown,12,0.417,0.364,0.78,0.083,0.3329999999999999,0.0,128.0,0.2,0.429,0.1,1
22541,George Valera,CLE,2025,Unknown,48,0.333,0.415,0.748,0.146,0.271,0.195,113.0,-0.1,0.429,0.1,1
13145,Josh Bell,WSN,2025,Unknown,533,0.325,0.417,0.741,0.107,0.165,0.179,107.0,-6.1,0.47,0.1,1
15679,Rowdy Tellez,- - -,2025,Unknown,312,0.276,0.443,0.719,0.054,0.266,0.215,101.0,-1.7,0.4639999999999999,0.1,1
13755,Tomas Nido,DET,2025,Unknown,37,0.361,0.343,0.704,0.0,0.27,0.0,101.0,-0.5,0.346,0.1,1
19877,Tristan Gray,TBR,2025,Unknown,86,0.282,0.41,0.693,0.07,0.221,0.179,89.0,0.0,0.4429999999999999,0.1,1
31562,Zach Dezenzo,HOU,2025,Unknown,109,0.321,0.367,0.688,0.1009999999999999,0.3389999999999999,0.122,96.0,0.5,0.41,0.1,1
33280,Brice Matthews,HOU,2025,Unknown,47,0.222,0.452,0.675,0.043,0.426,0.286,83.0,0.4,0.417,0.1,1
19802,Jhonny Pereda,- - -,2025,Unknown,78,0.325,0.333,0.658,0.103,0.2689999999999999,0.087,87.0,-0.2,0.449,0.1,1
21716,Enmanuel Valdez,PIT,2025,Unknown,102,0.294,0.363,0.657,0.108,0.157,0.154,82.0,-0.9,0.427,0.1,1
16622,Luis Urias,ATH,2025,Unknown,330,0.315,0.338,0.653,0.094,0.136,0.108,84.0,-0.7,0.298,0.1,1
24273,Liover Peguero,PIT,2025,Unknown,88,0.273,0.363,0.635,0.068,0.284,0.163,76.0,0.7,0.327,0.1,1
27630,Nick Loftin,KCR,2025,Unknown,188,0.278,0.357,0.635,0.074,0.144,0.149,73.0,-0.4,0.34,0.1,1
31500,Ryan Ritter,COL,2025,Unknown,207,0.296,0.337,0.632,0.048,0.295,0.096,64.0,0.4,0.305,0.1,1
21707,Oswaldo Cabrera,NYY,2025,Unknown,122,0.322,0.308,0.631,0.09,0.205,0.065,83.0,-0.3,0.345,0.1,1
23986,Curtis Mead,- - -,2025,Unknown,264,0.299,0.321,0.62,0.057,0.239,0.088,76.0,0.7,0.348,0.1,1
20536,Vidal Brujan,- - -,2025,Unknown,95,0.305,0.31,0.616,0.063,0.221,0.057,75.0,0.7,0.373,0.1,1
19966,Bobby Dalbec,CHW,2025,Unknown,21,0.333,0.278,0.611,0.143,0.286,0.056,80.0,0.0,0.25,0.1,1
26208,Tyler Fitzgerald,SFG,2025,Unknown,243,0.278,0.327,0.606,0.07,0.288,0.111,72.0,0.6,0.2789999999999999,0.1,1
31545,Drew Gilbert,SFG,2025,Unknown,109,0.248,0.35,0.598,0.064,0.183,0.16,66.0,0.1,0.358,0.1,1
26284,John Rave,KCR,2025,Unknown,175,0.283,0.307,0.59,0.103,0.263,0.111,65.0,0.4,0.4,0.1,1
27531,David Hamilton,BOS,2025,Unknown,194,0.257,0.333,0.59,0.067,0.242,0.136,60.0,2.4,0.278,0.1,1
21871,Jerar Encarnacion,SFG,2025,Unknown,56,0.214,0.364,0.578,0.018,0.268,0.164,57.0,0.1,0.45,0.1,1
29487,Blake Dunn,CIN,2025,Unknown,75,0.32,0.233,0.553,0.107,0.3329999999999999,0.083,67.0,-0.2,0.371,0.1,1
18217,Brett Sullivan,PIT,2025,Unknown,9,0.333,0.167,0.5,0.111,0.3329999999999999,0.0,58.0,0.2,1.0,0.1,1
15172,Tim Anderson,LAA,2025,Unknown,90,0.258,0.241,0.499,0.033,0.322,0.036,41.0,0.1,0.364,0.1,1
22766,Steward Berroa,MIL,2025,Unknown,6,0.167,0.0,0.167,0.1669999999999999,0.3329999999999999,0.0,-35.0,0.2,0.0,0.1,1
29949,Tyler Black,MIL,2025,Unknown,13,0.538,0.375,0.913,0.385,0.077,0.125,181.0,-0.4,0.286,0.0,1
10655,Rob Brantly,MIA,2025,Unknown,7,0.429,0.429,0.857,0.0,0.143,0.0,143.0,-0.1,0.1669999999999999,0.0,1
17954,Sam Hilliard,COL,2025,Unknown,61,0.328,0.412,0.74,0.1639999999999999,0.377,0.216,95.0,0.3,0.5710000000000001,0.0,1
21626,Griffin Conine,MIA,2025,Unknown,86,0.314,0.418,0.732,0.081,0.291,0.165,102.0,-0.8,0.481,0.0,1
20404,Jared Young,NYM,2025,Unknown,47,0.234,0.488,0.722,0.043,0.34,0.302,95.0,-0.1,0.3929999999999999,0.0,1
21853,Will Benson,CIN,2025,Unknown,253,0.273,0.435,0.708,0.063,0.265,0.209,85.0,-0.8,0.5379999999999999,0.0,1
26546,Agustin Ramirez,MIA,2025,Unknown,585,0.287,0.413,0.701,0.062,0.193,0.182,91.0,-0.9,0.47,0.0,1
21497,Luken Baker,STL,2025,Unknown,41,0.366,0.324,0.689,0.171,0.244,0.088,105.0,-0.1,0.542,0.0,1
13338,Omar Narvaez,CHW,2025,Unknown,10,0.4,0.286,0.686,0.2,0.1,0.0,101.0,0.1,0.143,0.0,1
31855,Colby Thomas,ATH,2025,Unknown,132,0.267,0.417,0.684,0.053,0.371,0.192,82.0,0.0,0.493,0.0,1
29554,Adrian Del Castillo,ARI,2025,Unknown,131,0.29,0.392,0.682,0.061,0.359,0.15,87.0,-0.4,0.493,0.0,1
19562,Zack Short,HOU,2025,Unknown,56,0.291,0.38,0.671,0.071,0.321,0.16,89.0,0.3,0.3939999999999999,0.0,1
23691,Jose Tena,WSN,2025,Unknown,169,0.314,0.355,0.669,0.089,0.2189999999999999,0.112,88.0,0.1,0.405,0.0,1
29573,Billy Cook,PIT,2025,Unknown,6,0.333,0.333,0.667,0.0,0.1669999999999999,0.0,85.0,-0.3,0.4,0.0,1
29606,Justyn-Henry Malloy,DET,2025,Unknown,127,0.346,0.308,0.654,0.157,0.252,0.087,92.0,0.2,0.311,0.0,1
20311,Corey Julks,CHW,2025,Unknown,13,0.231,0.417,0.647,0.0,0.231,0.167,64.0,0.0,0.2,0.0,1
16153,Austin Slater,- - -,2025,Unknown,160,0.27,0.372,0.642,0.069,0.319,0.155,78.0,-0.1,0.48,0.0,1
25999,Victor Mesa Jr.,MIA,2025,Unknown,38,0.297,0.344,0.641,0.132,0.132,0.156,81.0,0.3,0.429,0.0,1
15161,Mitch Garver,SEA,2025,Unknown,290,0.297,0.343,0.639,0.103,0.276,0.134,86.0,-1.5,0.469,0.0,1
8623,Donovan Solano,- - -,2025,Unknown,179,0.291,0.337,0.628,0.045,0.223,0.09,82.0,-0.8,0.375,0.0,1
31991,Rafael Flores,PIT,2025,Unknown,17,0.294,0.333,0.627,0.118,0.412,0.133,76.0,-0.4,0.625,0.0,1
19858,Luis Rengifo,LAA,2025,Unknown,541,0.287,0.335,0.622,0.061,0.192,0.098,73.0,-0.5,0.327,0.0,1
29571,Tim Tawa,ARI,2025,Unknown,225,0.274,0.347,0.62,0.089,0.284,0.146,72.0,1.0,0.421,0.0,1
28142,Jhostynxon Garcia,BOS,2025,Unknown,9,0.333,0.286,0.619,0.222,0.556,0.143,82.0,0.0,0.5,0.0,1
22707,Gustavo Campero,LAA,2025,Unknown,66,0.273,0.345,0.618,0.076,0.212,0.172,74.0,0.9,0.2269999999999999,0.0,1
21558,Matt Vierling,DET,2025,Unknown,100,0.31,0.307,0.617,0.07,0.24,0.068,76.0,-0.3,0.455,0.0,1
22054,Dane Myers,MIA,2025,Unknown,333,0.291,0.326,0.617,0.069,0.231,0.091,72.0,0.9,0.42,0.0,1
20003,Keston Hiura,COL,2025,Unknown,21,0.333,0.278,0.611,0.0,0.3329999999999999,0.056,70.0,-0.1,0.182,0.0,1
21587,Cesar Salazar,HOU,2025,Unknown,16,0.375,0.231,0.606,0.125,0.125,0.0,90.0,0.0,0.182,0.0,1
20321,Stuart Fairchild,ATL,2025,Unknown,55,0.273,0.333,0.606,0.073,0.273,0.118,68.0,-0.3,0.361,0.0,1
29547,Ryan Bliss,SEA,2025,Unknown,39,0.282,0.314,0.596,0.103,0.282,0.114,76.0,-0.5,0.3329999999999999,0.0,1
21780,Esteury Ruiz,LAD,2025,Unknown,23,0.261,0.333,0.594,0.087,0.348,0.143,67.0,0.9,0.231,0.0,1
27915,Alejandro Osuna,TEX,2025,Unknown,176,0.313,0.278,0.591,0.119,0.193,0.066,72.0,-0.1,0.37,0.0,1
33252,Kyle Karros,COL,2025,Unknown,156,0.308,0.277,0.585,0.096,0.263,0.051,56.0,-0.7,0.337,0.0,1
27504,Nick Yorke,PIT,2025,Unknown,72,0.264,0.319,0.583,0.042,0.208,0.087,59.0,0.5,0.389,0.0,1
13768,Travis Jankowski,- - -,2025,Unknown,50,0.286,0.289,0.575,0.06,0.24,0.044,57.0,1.2,0.3429999999999999,0.0,1
15055,Dom Nunez,CLE,2025,Unknown,7,0.286,0.286,0.571,0.0,0.5710000000000001,0.0,59.0,-0.1,0.0,0.0,1
27496,Owen Caissie,CHC,2025,Unknown,27,0.222,0.346,0.568,0.037,0.407,0.154,56.0,0.2,0.2,0.0,1
10200,Tucker Barnhart,TEX,2025,Unknown,15,0.333,0.231,0.564,0.067,0.267,0.0,72.0,-0.1,0.111,0.0,1
23733,Ezequiel Duran,TEX,2025,Unknown,219,0.266,0.293,0.559,0.037,0.251,0.068,57.0,1.5,0.309,0.0,1
17684,Vimael Machin,BAL,2025,Unknown,12,0.167,0.364,0.53,0.083,0.1669999999999999,0.273,43.0,0.0,0.3329999999999999,0.0,1
18551,Ali Sanchez,- - -,2025,Unknown,23,0.217,0.304,0.522,0.0,0.261,0.087,41.0,-0.1,0.412,0.0,1
23250,David Banuelos,BAL,2025,Unknown,2,0.5,0.0,0.5,0.0,0.5,0.0,135.0,0.0,0.0,0.0,1
26244,Kenedy Corona,HOU,2025,Unknown,4,0.5,0.0,0.5,0.5,0.25,0.0,123.0,0.0,0.0,0.0,1
25621,Bryan Ramos,CHW,2025,Unknown,12,0.167,0.333,0.5,0.0,0.3329999999999999,0.167,28.0,0.1,0.125,0.0,1
20626,Logan Porter,SFG,2025,Unknown,9,0.333,0.143,0.476,0.111,0.222,0.0,63.0,0.0,0.0,0.0,1
25353,Michael Stefanic,TOR,2025,Unknown,25,0.28,0.182,0.462,0.12,0.12,0.0,40.0,-0.2,0.421,0.0,1
22232,Mason McCoy,SDP,2025,Unknown,26,0.269,0.182,0.451,0.115,0.2689999999999999,0.045,42.0,0.5,0.267,0.0,1
24655,Owen Miller,COL,2025,Unknown,17,0.294,0.143,0.437,0.118,0.235,0.0,28.0,0.3,0.2,0.0,1
29958,Harry Ford,SEA,2025,Unknown,8,0.25,0.167,0.417,0.0,0.375,0.0,29.0,0.0,0.5,0.0,1
21489,Hayden Senger,NYM,2025,Unknown,78,0.221,0.194,0.415,0.038,0.282,0.014,19.0,-0.3,0.385,0.0,1
21547,Coco Montes,TBR,2025,Unknown,10,0.2,0.2,0.4,0.0,0.3,0.0,5.0,0.0,0.429,0.0,1
22168,Akil Baddoo,DET,2025,Unknown,18,0.167,0.176,0.343,0.0559999999999999,0.278,0.059,-8.0,0.2,0.417,0.0,1
16451,Luis Guillorme,HOU,2025,Unknown,21,0.19,0.15,0.34,0.048,0.381,0.0,-5.0,0.1,0.25,0.0,1
12317,Colin Rea,CHC,2025,Unknown,1,0.0,0.0,0.0,0.0,1.0,0.0,-100.0,0.0,0.0,0.0,1
17735,Tyler Alexander,- - -,2025,Unknown,1,0.0,0.0,0.0,0.0,0.0,0.0,-100.0,0.0,0.0,0.0,1
18067,Garrett Stubbs,PHI,2025,Unknown,1,0.0,0.0,0.0,0.0,0.0,0.0,-100.0,0.2,0.0,0.0,1
19824,Chuckie Robinson,LAD,2025,Unknown,2,0.0,0.0,0.0,0.0,0.0,0.0,-100.0,0.0,0.0,0.0,1
22286,Trevor Rogers,BAL,2025,Unknown,2,0.0,0.0,0.0,0.0,1.0,0.0,-100.0,0.0,0.0,0.0,1
24400,Terrin Vavra,BAL,2025,Unknown,1,0.0,0.0,0.0,0.0,0.0,0.0,-100.0,0.0,1.0,0.0,1
25005,Justin Dean,LAD,2025,Unknown,2,0.0,0.0,0.0,0.0,0.5,0.0,-100.0,0.2,0.0,0.0,1
25448,Greg Jones,CHW,2025,Unknown,2,0.0,0.0,0.0,0.0,1.0,0.0,-100.0,0.2,0.0,0.0,1
30146,Jack Leiter,TEX,2025,Unknown,1,0.0,0.0,0.0,0.0,1.0,0.0,-100.0,0.0,0.0,0.0,1
35324,Shinnosuke Ogasawara,WSN,2025,Unknown,1,0.0,0.0,0.0,0.0,1.0,0.0,-100.0,0.0,0.0,0.0,1
25714,Blaine Crim,- - -,2025,Unknown,74,0.27,0.462,0.732,0.081,0.3779999999999999,0.262,86.0,-0.3,0.5379999999999999,-0.1,1
11442,Gary Sanchez,BAL,2025,Unknown,101,0.297,0.418,0.715,0.04,0.267,0.187,100.0,-0.5,0.569,-0.1,1
13590,Jesse Winker,NYM,2025,Unknown,81,0.309,0.4,0.709,0.111,0.259,0.171,95.0,-0.5,0.451,-0.1,1
9847,Andrew McCutchen,PIT,2025,Unknown,551,0.333,0.367,0.7,0.122,0.214,0.128,95.0,-4.3,0.423,-0.1,1
26368,JJ Bleday,ATH,2025,Unknown,344,0.294,0.404,0.698,0.105,0.265,0.192,90.0,-0.9,0.387,-0.1,1
31837,Masataka Yoshida,BOS,2025,Unknown,205,0.307,0.388,0.696,0.049,0.1169999999999999,0.122,88.0,0.2,0.44,-0.1,1
22275,Jake Burger,TEX,2025,Unknown,376,0.269,0.419,0.687,0.032,0.247,0.183,89.0,-0.7,0.485,-0.1,1
27963,Maximo Acosta,MIA,2025,Unknown,61,0.295,0.389,0.684,0.098,0.2789999999999999,0.185,91.0,-0.4,0.568,-0.1,1
21897,Christopher Morel,TBR,2025,Unknown,305,0.289,0.396,0.684,0.0819999999999999,0.357,0.176,90.0,0.9,0.497,-0.1,1
25483,Nick Sogard,BOS,2025,Unknown,104,0.317,0.344,0.661,0.048,0.231,0.083,83.0,-1.8,0.347,-0.1,1
19953,Josh Lowe,TBR,2025,Unknown,435,0.283,0.366,0.65,0.076,0.251,0.146,79.0,2.8,0.3929999999999999,-0.1,1
18042,Dylan Moore,- - -,2025,Unknown,243,0.267,0.374,0.642,0.0819999999999999,0.337,0.174,83.0,0.5,0.3429999999999999,-0.1,1
26540,Angel Martinez,CLE,2025,Unknown,484,0.269,0.359,0.628,0.048,0.2269999999999999,0.135,74.0,2.2,0.293,-0.1,1
11489,Michael A. Taylor,CHW,2025,Unknown,325,0.259,0.366,0.625,0.071,0.3379999999999999,0.166,70.0,-0.3,0.429,-0.1,1
14712,Manuel Margot,DET,2025,Unknown,20,0.3,0.316,0.616,0.0,0.3,0.0,67.0,-0.9,0.143,-0.1,1
24782,David Villar,SFG,2025,Unknown,25,0.36,0.25,0.61,0.16,0.2,0.05,90.0,-0.2,0.267,-0.1,1
25705,Dustin Harris,TEX,2025,Unknown,43,0.256,0.35,0.606,0.07,0.302,0.15,69.0,-0.2,0.259,-0.1,1
21635,Nick Maton,CHW,2025,Unknown,63,0.286,0.315,0.601,0.143,0.302,0.148,73.0,-0.2,0.371,-0.1,1
26224,Darell Hernaiz,ATH,2025,Unknown,197,0.292,0.306,0.599,0.086,0.122,0.075,65.0,-1.8,0.301,-0.1,1
18821,Jose Azocar,- - -,2025,Unknown,21,0.333,0.263,0.596,0.095,0.048,0.0,78.0,0.4,0.278,-0.1,1
27735,Brett Wisely,- - -,2025,Unknown,63,0.279,0.315,0.594,0.111,0.222,0.13,71.0,-1.3,0.31,-0.1,1
21622,Jake McCarthy,ARI,2025,Unknown,222,0.247,0.345,0.591,0.045,0.18,0.141,60.0,1.7,0.276,-0.1,1
31382,Dalton Rushing,LAD,2025,Unknown,155,0.258,0.324,0.582,0.065,0.374,0.12,62.0,-0.4,0.4529999999999999,-0.1,1
24641,Willie MacIver,ATH,2025,Unknown,111,0.252,0.324,0.576,0.063,0.243,0.137,58.0,1.0,0.373,-0.1,1
19599,Chas McCormick,HOU,2025,Unknown,116,0.279,0.29,0.569,0.078,0.267,0.08,62.0,-1.2,0.293,-0.1,1
31564,Alan Roden,- - -,2025,Unknown,153,0.261,0.294,0.556,0.052,0.242,0.103,56.0,-0.1,0.304,-0.1,1
22557,Michael Siani,STL,2025,Unknown,19,0.316,0.235,0.551,0.105,0.368,0.0,65.0,-0.9,0.2,-0.1,1
19643,Daniel Johnson,- - -,2025,Unknown,57,0.246,0.302,0.548,0.07,0.228,0.113,54.0,0.5,0.425,-0.1,1
24597,Jonathan Ornelas,- - -,2025,Unknown,10,0.3,0.222,0.522,0.1,0.3,0.0,54.0,0.0,0.3329999999999999,-0.1,1
16953,Chadwick Tromp,- - -,2025,Unknown,22,0.182,0.333,0.515,0.045,0.273,0.19,38.0,0.1,0.4,-0.1,1
29617,Henry Davis,PIT,2025,Unknown,283,0.234,0.278,0.512,0.064,0.2689999999999999,0.111,41.0,-0.6,0.37,-0.1,1
18353,Daz Cameron,MIL,2025,Unknown,42,0.214,0.293,0.507,0.024,0.31,0.098,38.0,0.3,0.321,-0.1,1
22411,Cal Stevenson,PHI,2025,Unknown,8,0.25,0.25,0.5,0.0,0.25,0.0,35.0,0.0,0.1669999999999999,-0.1,1
19779,Dairon Blanco,KCR,2025,Unknown,8,0.167,0.333,0.5,0.0,0.25,0.167,25.0,-0.1,0.0,-0.1,1
31793,Rhylan Thomas,SEA,2025,Unknown,10,0.2,0.25,0.45,0.1,0.0,0.125,25.0,0.1,0.3329999999999999,-0.1,1
5273,Sandy Leon,ATL,2025,Unknown,12,0.083,0.333,0.417,0.0,0.3329999999999999,0.25,1.0,0.0,0.25,-0.1,1
27599,Jacob Hurtubise,CIN,2025,Unknown,15,0.267,0.083,0.35,0.067,0.4,0.0,19.0,0.0,0.1669999999999999,-0.1,1
27497,Tyler Callihan,CIN,2025,Unknown,6,0.167,0.167,0.333,0.0,0.1669999999999999,0.0,-19.0,0.0,0.6,-0.1,1
30163,Cesar Prieto,STL,2025,Unknown,6,0.167,0.167,0.333,0.0,0.833,0.0,-12.0,0.0,0.0,-0.1,1
27501,Justin Foscue,TEX,2025,Unknown,9,0.111,0.222,0.333,0.0,0.3329999999999999,0.111,-18.0,0.2,0.667,-0.1,1
25660,Will Brennan,CLE,2025,Unknown,13,0.231,0.091,0.322,0.077,0.077,0.0,7.0,-0.4,0.3,-0.1,1
12155,Eddie Rosario,- - -,2025,Unknown,8,0.125,0.125,0.25,0.0,0.25,0.0,-31.0,0.1,0.667,-0.1,1
22274,Samad Taylor,SEA,2025,Unknown,9,0.125,0.125,0.25,0.0,0.111,0.0,-33.0,0.1,0.125,-0.1,1
12147,Nick Ahmed,TEX,2025,Unknown,10,0.1,0.0,0.1,0.1,0.3,0.0,-66.0,0.2,0.1669999999999999,-0.1,1
16417,Sergio Alcantara,SFG,2025,Unknown,4,0.0,0.0,0.0,0.0,0.5,0.0,-100.0,0.0,0.0,-0.1,1
16925,Aramis Garcia,ARI,2025,Unknown,4,0.0,0.0,0.0,0.0,0.75,0.0,-100.0,0.0,0.0,-0.1,1
23788,Jordyn Adams,BAL,2025,Unknown,5,0.0,0.0,0.0,0.0,0.4,0.0,-100.0,0.0,0.667,-0.1,1
25814,C.J. Stubbs,WSN,2025,Unknown,3,0.0,0.0,0.0,0.0,0.0,0.0,-100.0,0.0,0.3329999999999999,-0.1,1
27763,Drew Romo,COL,2025,Unknown,3,0.0,0.0,0.0,0.0,1.0,0.0,-100.0,0.0,0.0,-0.1,1
28344,Tsung-Che Cheng,PIT,2025,Unknown,7,0.0,0.0,0.0,0.0,0.429,0.0,-100.0,-0.4,0.5,-0.1,1
31792,Otto Kemp,PHI,2025,Unknown,218,0.298,0.411,0.709,0.055,0.307,0.178,95.0,-1.3,0.447,-0.2,1
31394,Brooks Baldwin,CHW,2025,Unknown,328,0.29,0.407,0.697,0.064,0.262,0.167,92.0,1.5,0.409,-0.2,1
26467,Luis Matos,SFG,2025,Unknown,184,0.266,0.424,0.691,0.06,0.147,0.203,91.0,0.7,0.377,-0.2,1
28022,Edgar Quero,CHW,2025,Unknown,403,0.333,0.356,0.689,0.079,0.176,0.088,95.0,-3.7,0.4629999999999999,-0.2,1
5827,Wilmer Flores,SFG,2025,Unknown,463,0.307,0.379,0.686,0.073,0.19,0.138,95.0,-3.5,0.2689999999999999,-0.2,1
22263,Nolan Gorman,STL,2025,Unknown,402,0.296,0.37,0.666,0.1169999999999999,0.3379999999999999,0.165,88.0,-2.1,0.411,-0.2,1
33644,Kristian Campbell,BOS,2025,Unknown,263,0.319,0.345,0.664,0.11,0.2739999999999999,0.122,86.0,0.1,0.418,-0.2,1
19960,Taylor Trammell,HOU,2025,Unknown,135,0.296,0.333,0.63,0.126,0.304,0.137,80.0,-1.6,0.4029999999999999,-0.2,1
29830,Jack Winkler,MIA,2025,Unknown,16,0.25,0.375,0.625,0.0,0.25,0.125,67.0,0.2,0.25,-0.2,1
10472,Enrique Hernandez,LAD,2025,Unknown,256,0.255,0.366,0.621,0.07,0.266,0.164,70.0,-1.4,0.376,-0.2,1
18363,Victor Robles,SEA,2025,Unknown,114,0.281,0.33,0.611,0.026,0.228,0.085,75.0,0.7,0.2319999999999999,-0.2,1
22209,Sam Huff,SFG,2025,Unknown,58,0.259,0.34,0.598,0.069,0.431,0.132,67.0,-1.1,0.379,-0.2,1
10231,Jose Iglesias,SDP,2025,Unknown,343,0.298,0.294,0.592,0.07,0.163,0.065,73.0,-0.7,0.285,-0.2,1
19458,Cooper Hummel,- - -,2025,Unknown,105,0.298,0.273,0.571,0.133,0.295,0.102,70.0,-0.6,0.379,-0.2,1
19252,Cavan Biggio,KCR,2025,Unknown,83,0.296,0.246,0.543,0.133,0.253,0.072,59.0,0.1,0.36,-0.2,1
23917,Jorbit Vivas,NYY,2025,Unknown,66,0.266,0.25,0.516,0.076,0.1969999999999999,0.089,52.0,-0.2,0.356,-0.2,1
23802,Anthony Seigler,MIL,2025,Unknown,73,0.292,0.21,0.501,0.11,0.2189999999999999,0.016,50.0,0.8,0.375,-0.2,1
19958,Carter Kieboom,LAA,2025,Unknown,8,0.25,0.25,0.5,0.0,0.125,0.0,35.0,0.0,0.286,-0.2,1
15654,Billy McKinney,TEX,2025,Unknown,21,0.238,0.25,0.488,0.048,0.048,0.05,37.0,-0.1,0.263,-0.2,1
27573,Gage Workman,- - -,2025,Unknown,17,0.235,0.25,0.485,0.059,0.412,0.063,38.0,0.2,0.3329999999999999,-0.2,1
33390,Bryce Eldridge,SFG,2025,Unknown,37,0.297,0.179,0.476,0.1889999999999999,0.351,0.071,54.0,0.0,0.688,-0.2,1
23378,Jose Barrero,STL,2025,Unknown,31,0.194,0.276,0.469,0.032,0.29,0.138,31.0,0.0,0.2,-0.2,1
23442,Luis Vazquez,BAL,2025,Unknown,53,0.208,0.24,0.448,0.057,0.264,0.08,25.0,0.5,0.444,-0.2,1
21735,Sebastian Rivero,LAA,2025,Unknown,34,0.206,0.242,0.448,0.0289999999999999,0.265,0.061,20.0,-0.2,0.292,-0.2,1
19262,Garrett Hampson,- - -,2025,Unknown,91,0.25,0.169,0.419,0.121,0.319,0.026,26.0,0.6,0.196,-0.2,1
25805,Blake Sabol,BOS,2025,Unknown,18,0.167,0.188,0.354,0.0559999999999999,0.389,0.063,-12.0,-0.1,0.4,-0.2,1
21535,Connor Kaiser,ARI,2025,Unknown,19,0.158,0.167,0.325,0.053,0.263,0.056,-14.0,-0.3,0.231,-0.2,1
23818,Ji Hwan Bae,PIT,2025,Unknown,25,0.24,0.05,0.29,0.2,0.36,0.0,3.0,0.5,0.364,-0.2,1
22165,Ryan Vilade,- - -,2025,Unknown,15,0.2,0.077,0.277,0.133,0.3329999999999999,0.0,-9.0,0.0,0.75,-0.2,1
22566,Tirso Ornelas,SDP,2025,Unknown,16,0.188,0.071,0.259,0.125,0.125,0.0,-14.0,0.0,0.417,-0.2,1
19314,Donovan Walton,PHI,2025,Unknown,9,0.125,0.125,0.25,0.0,0.111,0.0,-40.0,0.1,0.375,-0.2,1
10441,Jon Singleton,HOU,2025,Unknown,9,0.111,0.111,0.222,0.0,0.111,0.0,-47.0,0.0,0.5,-0.2,1
16219,J.D. Davis,LAA,2025,Unknown,9,0.111,0.111,0.222,0.0,0.3329999999999999,0.0,-49.0,0.0,0.3329999999999999,-0.2,1
23790,Will Banfield,CIN,2025,Unknown,10,0.1,0.1,0.2,0.0,0.6,0.0,-59.0,0.0,0.25,-0.2,1
25980,Matthew Lugo,LAA,2025,Unknown,70,0.243,0.464,0.707,0.0,0.3429999999999999,0.232,89.0,-0.1,0.422,-0.3,1
19566,Nathaniel Lowe,- - -,2025,Unknown,609,0.307,0.381,0.689,0.102,0.261,0.154,91.0,-4.2,0.415,-0.3,1
15711,Tyler O'Neill,BAL,2025,Unknown,209,0.292,0.392,0.684,0.105,0.244,0.193,91.0,-1.0,0.391,-0.3,1
14221,Jorge Soler,LAA,2025,Unknown,315,0.293,0.387,0.68,0.089,0.298,0.172,88.0,-0.6,0.418,-0.3,1
21523,Jonathan India,KCR,2025,Unknown,567,0.323,0.346,0.669,0.095,0.187,0.113,89.0,-2.6,0.368,-0.3,1
16426,Thairo Estrada,COL,2025,Unknown,165,0.285,0.37,0.655,0.036,0.158,0.117,66.0,-0.9,0.305,-0.3,1
31680,Cole Young,SEA,2025,Unknown,257,0.302,0.305,0.607,0.109,0.183,0.094,80.0,0.1,0.311,-0.3,1
25855,Matt Gorski,PIT,2025,Unknown,42,0.214,0.39,0.605,0.024,0.381,0.195,59.0,-0.3,0.32,-0.3,1
29634,Will Wagner,- - -,2025,Unknown,149,0.324,0.279,0.603,0.114,0.188,0.054,78.0,-0.3,0.412,-0.3,1
5235,Justin Turner,CHC,2025,Unknown,191,0.288,0.314,0.602,0.089,0.1939999999999999,0.095,71.0,-0.1,0.309,-0.3,1
25629,Cody Freeman,TEX,2025,Unknown,121,0.258,0.342,0.6,0.0409999999999999,0.157,0.114,66.0,-0.4,0.258,-0.3,1
7739,Travis d'Arnaud,LAA,2025,Unknown,231,0.255,0.343,0.598,0.0559999999999999,0.32,0.146,64.0,-1.6,0.379,-0.3,1
26599,Jonatan Clase,TOR,2025,Unknown,112,0.288,0.3,0.588,0.089,0.25,0.09,69.0,0.3,0.356,-0.3,1
19997,Santiago Espinal,CIN,2025,Unknown,328,0.292,0.282,0.575,0.064,0.1159999999999999,0.04,58.0,0.7,0.257,-0.3,1
19890,Emmanuel Rivera,BAL,2025,Unknown,127,0.291,0.283,0.575,0.047,0.1889999999999999,0.033,64.0,-1.5,0.3229999999999999,-0.3,1
29993,Brady House,WSN,2025,Unknown,274,0.252,0.322,0.574,0.0289999999999999,0.285,0.088,56.0,-0.3,0.4629999999999999,-0.3,1
30038,Carson Williams,TBR,2025,Unknown,106,0.219,0.354,0.573,0.057,0.415,0.182,54.0,-0.7,0.357,-0.3,1
12180,Jorge Alfaro,WSN,2025,Unknown,39,0.256,0.308,0.564,0.0,0.359,0.051,54.0,0.1,0.44,-0.3,1
15730,Tyler Wade,SDP,2025,Unknown,127,0.309,0.252,0.561,0.118,0.244,0.047,69.0,-0.4,0.15,-0.3,1
28824,Samuel Basallo,BAL,2025,Unknown,118,0.229,0.33,0.559,0.051,0.254,0.165,55.0,0.1,0.43,-0.3,1
17040,Jose Herrera,ARI,2025,Unknown,204,0.285,0.259,0.544,0.113,0.23,0.072,57.0,-1.3,0.226,-0.3,1
17907,Brendan Rodgers,HOU,2025,Unknown,128,0.266,0.278,0.544,0.086,0.359,0.087,55.0,-0.7,0.486,-0.3,1
30028,Bob Seymour,TBR,2025,Unknown,83,0.253,0.282,0.535,0.048,0.386,0.077,48.0,0.0,0.478,-0.3,1
12158,Austin Barnes,LAD,2025,Unknown,44,0.233,0.286,0.518,0.023,0.318,0.071,41.0,-0.2,0.207,-0.3,1
29766,Zack Gelof,ATH,2025,Unknown,101,0.23,0.272,0.502,0.069,0.455,0.098,36.0,-0.6,0.479,-0.3,1
20970,Oscar Gonzalez,SDP,2025,Unknown,61,0.246,0.237,0.483,0.033,0.213,0.017,38.0,-0.4,0.457,-0.3,1
12434,Kevin Pillar,TEX,2025,Unknown,43,0.209,0.256,0.465,0.0,0.186,0.047,25.0,0.7,0.2,-0.3,1
26295,Oliver Dunn,MIL,2025,Unknown,41,0.205,0.222,0.427,0.049,0.268,0.056,17.0,0.2,0.321,-0.3,1
27770,Zac Veen,COL,2025,Unknown,37,0.189,0.235,0.424,0.054,0.3779999999999999,0.118,4.0,-0.3,0.3,-0.3,1
31661,Jacob Melton,HOU,2025,Unknown,78,0.234,0.186,0.419,0.077,0.372,0.029,22.0,1.1,0.429,-0.3,1
25524,Aaron Schunk,COL,2025,Unknown,33,0.188,0.219,0.406,0.0,0.303,0.031,-7.0,-0.1,0.217,-0.3,1
17975,Scott Kingery,LAA,2025,Unknown,29,0.207,0.185,0.392,0.069,0.379,0.037,9.0,-0.2,0.313,-0.3,1
20557,C.J. Alexander,ATH,2025,Unknown,17,0.176,0.176,0.353,0.0,0.471,0.0,-11.0,-0.8,0.111,-0.3,1
27789,Shay Whitcomb,HOU,2025,Unknown,32,0.125,0.219,0.344,0.0,0.313,0.094,-14.0,0.1,0.182,-0.3,1
31437,Jace Jung,DET,2025,Unknown,55,0.236,0.106,0.343,0.127,0.291,0.0,9.0,0.2,0.387,-0.3,1
23782,Leo Jimenez,TOR,2025,Unknown,32,0.129,0.172,0.301,0.063,0.25,0.103,-19.0,0.0,0.5,-0.3,1
26148,Tristin English,ARI,2025,Unknown,23,0.13,0.136,0.267,0.043,0.348,0.045,-31.0,0.0,0.357,-0.3,1
25183,Drew Avans,- - -,2025,Unknown,18,0.111,0.118,0.229,0.0,0.3329999999999999,0.0,-48.0,0.2,0.1669999999999999,-0.3,1
19339,Nicky Lopez,- - -,2025,Unknown,28,0.179,0.042,0.22,0.143,0.143,0.0,-21.0,0.0,0.4,-0.3,1
16623,Greg Allen,BAL,2025,Unknown,14,0.0,0.0,0.0,0.0,0.357,0.0,-100.0,-0.4,0.3329999999999999,-0.3,1
26536,Warming Bernabel,COL,2025,Unknown,146,0.288,0.41,0.698,0.048,0.171,0.158,78.0,-1.0,0.325,-0.4,1
23395,Eric Wagaman,MIA,2025,Unknown,514,0.296,0.378,0.674,0.062,0.195,0.128,85.0,-1.6,0.465,-0.4,1
10243,Randal Grichuk,- - -,2025,Unknown,293,0.273,0.401,0.674,0.0579999999999999,0.208,0.173,82.0,0.4,0.495,-0.4,1
18373,Ryan Mountcastle,BAL,2025,Unknown,357,0.286,0.367,0.653,0.042,0.275,0.117,81.0,-1.0,0.471,-0.4,1
19358,Weston Wilson,PHI,2025,Unknown,125,0.282,0.369,0.652,0.096,0.272,0.171,81.0,-1.2,0.41,-0.4,1
29779,Max Muncy,ATH,2025,Unknown,220,0.259,0.379,0.638,0.045,0.309,0.165,72.0,-0.2,0.324,-0.4,1
27845,Matt Mervis,MIA,2025,Unknown,134,0.254,0.383,0.637,0.0819999999999999,0.373,0.208,72.0,-0.4,0.38,-0.4,1
22530,Johnathan Rodriguez,CLE,2025,Unknown,77,0.26,0.366,0.626,0.078,0.286,0.169,74.0,-0.2,0.551,-0.4,1
20126,Dylan Carlson,BAL,2025,Unknown,241,0.278,0.336,0.614,0.087,0.2239999999999999,0.134,74.0,-0.7,0.305,-0.4,1
10681,Gio Urshela,ATH,2025,Unknown,197,0.287,0.326,0.613,0.066,0.203,0.088,68.0,-2.0,0.34,-0.4,1
20529,Nolan Jones,CLE,2025,Unknown,403,0.296,0.304,0.6,0.0969999999999999,0.28,0.093,72.0,-1.1,0.467,-0.4,1
27684,Michael Massey,KCR,2025,Unknown,277,0.268,0.313,0.581,0.032,0.155,0.069,57.0,-0.9,0.33,-0.4,1
18171,Seth Brown,ATH,2025,Unknown,76,0.303,0.262,0.564,0.118,0.303,0.077,64.0,0.4,0.405,-0.4,1
13757,Chris Taylor,- - -,2025,Unknown,125,0.256,0.301,0.557,0.04,0.336,0.115,56.0,-0.2,0.361,-0.4,1
25434,Will Wilson,CLE,2025,Unknown,91,0.267,0.244,0.511,0.077,0.374,0.051,48.0,0.2,0.367,-0.4,1
21797,Andres Chaparro,WSN,2025,Unknown,73,0.247,0.258,0.504,0.068,0.301,0.076,42.0,-0.2,0.3779999999999999,-0.4,1
12037,Jon Berti,CHC,2025,Unknown,107,0.262,0.23,0.492,0.047,0.206,0.02,42.0,0.7,0.372,-0.4,1
23372,Hunter Feduccia,- - -,2025,Unknown,105,0.267,0.205,0.471,0.143,0.276,0.057,39.0,-0.3,0.3279999999999999,-0.4,1
16357,Pablo Reyes,NYY,2025,Unknown,34,0.242,0.226,0.468,0.059,0.294,0.032,33.0,-0.1,0.318,-0.4,1
19600,Bryan De La Cruz,ATL,2025,Unknown,50,0.24,0.213,0.453,0.06,0.36,0.021,27.0,-0.7,0.517,-0.4,1
23312,Ryan Noda,- - -,2025,Unknown,59,0.276,0.17,0.446,0.186,0.424,0.064,29.0,0.2,0.348,-0.4,1
15941,Austin Nola,COL,2025,Unknown,41,0.225,0.211,0.436,0.049,0.122,0.026,8.0,0.1,0.441,-0.4,1
20538,Jose Miranda,MIN,2025,Unknown,36,0.167,0.25,0.417,0.0,0.361,0.083,7.0,-0.1,0.435,-0.4,1
20056,Alan Trejo,COL,2025,Unknown,43,0.19,0.225,0.415,0.023,0.163,0.05,-4.0,0.1,0.286,-0.4,1
31354,Jimmy Crooks,STL,2025,Unknown,46,0.152,0.244,0.397,0.0,0.37,0.111,5.0,-0.1,0.3929999999999999,-0.4,1
23968,Jorge Barrosa,ARI,2025,Unknown,77,0.169,0.225,0.394,0.026,0.286,0.085,2.0,-0.1,0.308,-0.4,1
33098,Carson McCusker,MIN,2025,Unknown,30,0.2,0.172,0.372,0.033,0.5329999999999999,0.0,1.0,-0.6,0.308,-0.4,1
25688,Cam Devanney,PIT,2025,Unknown,38,0.184,0.167,0.351,0.053,0.5529999999999999,0.028,-5.0,-0.5,0.467,-0.4,1
25690,Grant McCray,SFG,2025,Unknown,26,0.16,0.182,0.342,0.077,0.423,0.091,-7.0,-0.7,0.231,-0.4,1
19198,Yuli Gurriel,SDP,2025,Unknown,40,0.2,0.139,0.339,0.1,0.2,0.028,3.0,0.1,0.179,-0.4,1
29782,Niko Kavadas,LAA,2025,Unknown,23,0.217,0.1,0.317,0.13,0.435,0.0,-2.0,0.0,0.3,-0.4,1
29614,Chad Stevens,LAA,2025,Unknown,14,0.154,0.154,0.308,0.0,0.5,0.0,-23.0,-0.4,0.143,-0.4,1
25867,Ryan Kreidler,DET,2025,Unknown,44,0.19,0.105,0.296,0.091,0.432,0.0,-12.0,0.6,0.286,-0.4,1
17452,Jose Siri,NYM,2025,Unknown,36,0.167,0.125,0.292,0.111,0.472,0.063,-11.0,0.8,0.3329999999999999,-0.4,1
22217,Luis Campusano,SDP,2025,Unknown,27,0.222,0.0,0.222,0.222,0.407,0.0,-5.0,0.0,0.3,-0.4,1
19294,Nick Solak,PIT,2025,Unknown,11,0.091,0.091,0.182,0.0,0.182,0.0,-61.0,0.0,0.3329999999999999,-0.4,1
30063,Tristan Peters,TBR,2025,Unknown,12,0.0,0.0,0.0,0.0,0.583,0.0,-100.0,0.0,0.4,-0.4,1
22842,Alexander Canario,PIT,2025,Unknown,234,0.274,0.338,0.611,0.073,0.342,0.12,68.0,-2.4,0.4379999999999999,-0.5,1
16930,Jonah Heim,TEX,2025,Unknown,433,0.271,0.332,0.602,0.074,0.203,0.119,69.0,-3.2,0.359,-0.5,1
29704,Braxton Fulford,COL,2025,Unknown,120,0.267,0.324,0.591,0.0579999999999999,0.3,0.111,49.0,0.8,0.387,-0.5,1
12005,Nick Martini,COL,2025,Unknown,111,0.288,0.294,0.582,0.081,0.162,0.069,49.0,0.5,0.31,-0.5,1
27482,Robert Hassell III,WSN,2025,Unknown,206,0.257,0.315,0.572,0.039,0.301,0.091,58.0,0.9,0.407,-0.5,1
28816,Denzer Guzman,LAA,2025,Unknown,43,0.209,0.357,0.566,0.023,0.512,0.167,50.0,0.2,0.45,-0.5,1
29976,Jordan Lawlar,ARI,2025,Unknown,74,0.257,0.288,0.545,0.081,0.351,0.106,52.0,1.4,0.341,-0.5,1
24770,James Outman,- - -,2025,Unknown,148,0.216,0.321,0.537,0.081,0.426,0.187,48.0,1.1,0.3939999999999999,-0.5,1
22244,Jack Suwinski,PIT,2025,Unknown,178,0.281,0.253,0.534,0.135,0.32,0.107,55.0,1.1,0.387,-0.5,1
22558,Jarred Kelenic,ATL,2025,Unknown,65,0.231,0.3,0.531,0.077,0.354,0.133,47.0,-0.4,0.3779999999999999,-0.5,1
31522,Tim Elko,CHW,2025,Unknown,72,0.194,0.328,0.523,0.069,0.417,0.194,41.0,0.2,0.486,-0.5,1
16939,Lane Thomas,CLE,2025,Unknown,142,0.246,0.272,0.518,0.099,0.31,0.112,48.0,-0.1,0.313,-0.5,1
4940,Jason Heyward,SDP,2025,Unknown,95,0.223,0.271,0.494,0.063,0.211,0.094,38.0,-0.2,0.3329999999999999,-0.5,1
17273,Jorge Mateo,BAL,2025,Unknown,83,0.217,0.266,0.483,0.048,0.361,0.089,33.0,2.4,0.367,-0.5,1
23695,Everson Pereira,TBR,2025,Unknown,73,0.219,0.246,0.465,0.096,0.384,0.108,30.0,0.0,0.447,-0.5,1
19384,Trenton Brooks,SDP,2025,Unknown,43,0.186,0.268,0.454,0.047,0.302,0.122,26.0,-1.3,0.357,-0.5,1
20287,Ben Rortvedt,- - -,2025,Unknown,128,0.24,0.205,0.445,0.086,0.18,0.054,31.0,-0.7,0.196,-0.5,1
27493,Rece Hinds,CIN,2025,Unknown,44,0.136,0.279,0.415,0.023,0.477,0.163,2.0,-0.1,0.5,-0.5,1
15429,Kris Bryant,COL,2025,Unknown,41,0.195,0.205,0.4,0.049,0.317,0.051,-4.0,-0.1,0.346,-0.5,1
19931,Luke Williams,ATL,2025,Unknown,34,0.176,0.194,0.37,0.0289999999999999,0.265,0.065,0.0,1.1,0.261,-0.5,1
22505,Buddy Kennedy,- - -,2025,Unknown,32,0.156,0.103,0.26,0.063,0.25,0.034,-24.0,0.0,0.429,-0.5,1
11737,Nick Castellanos,PHI,2025,Unknown,589,0.294,0.4,0.694,0.054,0.226,0.15,90.0,-1.8,0.345,-0.6,1
16376,Michael Conforto,LAD,2025,Unknown,486,0.305,0.333,0.637,0.115,0.249,0.134,83.0,-1.5,0.44,-0.6,1
30011,Christian Encarnacion-Strand,CIN,2025,Unknown,137,0.234,0.377,0.61,0.022,0.2339999999999999,0.169,59.0,-0.8,0.44,-0.6,1
20505,Drew Waters,KCR,2025,Unknown,219,0.288,0.316,0.603,0.05,0.2739999999999999,0.073,66.0,-0.8,0.288,-0.6,1
24934,David Fry,CLE,2025,Unknown,157,0.229,0.363,0.592,0.057,0.369,0.192,63.0,0.4,0.3979999999999999,-0.6,1
22514,Triston Casas,BOS,2025,Unknown,112,0.277,0.303,0.58,0.098,0.241,0.121,56.0,-0.4,0.444,-0.6,1
25346,Ronny Simon,- - -,2025,Unknown,88,0.299,0.273,0.572,0.091,0.17,0.039,62.0,0.9,0.369,-0.6,1
19864,Riley Adams,WSN,2025,Unknown,286,0.252,0.308,0.56,0.063,0.385,0.122,57.0,-0.3,0.523,-0.6,1
25844,Logan Davidson,- - -,2025,Unknown,47,0.222,0.286,0.508,0.064,0.4679999999999999,0.119,38.0,-1.1,0.273,-0.6,1
25332,Endy Rodriguez,PIT,2025,Unknown,57,0.246,0.25,0.496,0.088,0.246,0.077,38.0,-1.2,0.447,-0.6,1
22197,MJ Melendez,KCR,2025,Unknown,65,0.154,0.167,0.321,0.046,0.354,0.083,-14.0,0.0,0.4589999999999999,-0.6,1
26106,Maverick Handley,BAL,2025,Unknown,47,0.133,0.073,0.207,0.043,0.3829999999999999,0.0,-41.0,-0.3,0.346,-0.6,1
22532,Tyler Freeman,COL,2025,Unknown,428,0.354,0.361,0.715,0.079,0.119,0.08,91.0,-2.2,0.4039999999999999,-0.7,1
19844,Abraham Toro,BOS,2025,Unknown,284,0.289,0.371,0.659,0.049,0.148,0.131,77.0,-2.6,0.342,-0.7,1
19818,Joshua Palacios,CHW,2025,Unknown,145,0.292,0.305,0.596,0.083,0.248,0.102,71.0,-0.7,0.3979999999999999,-0.7,1
11445,Mark Canha,KCR,2025,Unknown,125,0.272,0.265,0.537,0.0559999999999999,0.192,0.053,49.0,-0.5,0.33,-0.7,1
31396,Tyler Locklear,ARI,2025,Unknown,116,0.267,0.262,0.529,0.086,0.371,0.087,52.0,0.0,0.417,-0.7,1
19896,Connor Wong,BOS,2025,Unknown,188,0.262,0.238,0.5,0.085,0.223,0.048,39.0,-1.0,0.31,-0.7,1
21270,Sean Bouchard,COL,2025,Unknown,73,0.247,0.242,0.489,0.096,0.37,0.076,26.0,-0.3,0.308,-0.7,1
24759,Mickey Gasper,MIN,2025,Unknown,110,0.257,0.232,0.488,0.091,0.182,0.074,42.0,0.1,0.312,-0.7,1
17696,Kevin Newman,LAA,2025,Unknown,116,0.209,0.272,0.481,0.009,0.198,0.07,27.0,0.3,0.293,-0.7,1
24703,Jonah Bride,- - -,2025,Unknown,125,0.248,0.188,0.436,0.088,0.312,0.018,23.0,-0.9,0.284,-0.7,1
13621,Jeimer Candelario,CIN,2025,Unknown,91,0.198,0.213,0.41,0.099,0.319,0.1,10.0,-0.3,0.283,-0.7,1
27534,Edouard Julien,MIN,2025,Unknown,208,0.309,0.324,0.633,0.106,0.293,0.104,81.0,-2.0,0.423,-0.8,1
24729,Logan O'Hoppe,LAA,2025,Unknown,451,0.258,0.371,0.629,0.053,0.308,0.158,72.0,-2.5,0.469,-0.8,1
11899,Joc Pederson,TEX,2025,Unknown,306,0.285,0.328,0.614,0.111,0.212,0.147,76.0,-0.8,0.446,-0.8,1
28552,Yanquiel Fernandez,COL,2025,Unknown,147,0.265,0.348,0.613,0.054,0.299,0.123,55.0,-2.0,0.368,-0.8,1
6887,Martin Maldonado,SDP,2025,Unknown,161,0.245,0.327,0.572,0.05,0.354,0.122,61.0,-2.1,0.281,-0.8,1
18900,Leody Taveras,- - -,2025,Unknown,180,0.226,0.304,0.53,0.0279999999999999,0.278,0.099,47.0,0.8,0.352,-0.8,1
13185,Orlando Arcia,- - -,2025,Unknown,214,0.238,0.291,0.529,0.047,0.22,0.089,33.0,-0.6,0.3379999999999999,-0.8,1
16572,Connor Joe,- - -,2025,Unknown,80,0.263,0.243,0.505,0.088,0.25,0.057,40.0,-1.2,0.365,-0.8,1
22823,Oswald Peraza,- - -,2025,Unknown,265,0.223,0.25,0.473,0.064,0.302,0.086,32.0,2.4,0.386,-0.8,1
25467,Will Robertson,- - -,2025,Unknown,75,0.173,0.143,0.316,0.027,0.36,0.014,-13.0,0.1,0.318,-0.8,1
23296,Jacob Amaya,CHW,2025,Unknown,73,0.139,0.121,0.26,0.0409999999999999,0.2189999999999999,0.015,-33.0,0.6,0.296,-0.8,1
17027,Alex Verdugo,ATL,2025,Unknown,213,0.296,0.289,0.585,0.066,0.146,0.051,66.0,-1.4,0.428,-0.9,1
14551,Anthony Santander,TOR,2025,Unknown,221,0.271,0.294,0.565,0.113,0.276,0.119,61.0,-0.9,0.41,-0.9,1
29575,Trey Sweeney,DET,2025,Unknown,326,0.258,0.291,0.548,0.08,0.282,0.095,53.0,-0.7,0.351,-0.9,1
27962,Adael Amador,COL,2025,Unknown,128,0.256,0.265,0.521,0.086,0.211,0.088,35.0,-1.4,0.247,-0.9,1
15464,Hunter Renfroe,KCR,2025,Unknown,108,0.241,0.242,0.483,0.074,0.1939999999999999,0.061,32.0,0.1,0.354,-0.9,1
25040,Vinny Capra,- - -,2025,Unknown,105,0.157,0.177,0.334,0.0289999999999999,0.238,0.052,-11.0,0.2,0.3289999999999999,-0.9,1
24496,DaShawn Keirsey Jr.,MIN,2025,Unknown,88,0.138,0.179,0.317,0.023,0.375,0.071,-18.0,0.6,0.346,-0.9,1
14813,Kyle Farmer,COL,2025,Unknown,300,0.28,0.365,0.645,0.057,0.22,0.137,65.0,-1.5,0.352,-1.0,1
19610,Keibert Ruiz,WSN,2025,Unknown,267,0.277,0.318,0.595,0.03,0.0969999999999999,0.071,65.0,-2.6,0.309,-1.0,1
31166,Heston Kjerstad,BAL,2025,Unknown,167,0.24,0.327,0.566,0.036,0.2689999999999999,0.135,57.0,0.0,0.411,-1.1,1
24257,Jhonkensy Noel,CLE,2025,Unknown,153,0.183,0.297,0.48,0.026,0.34,0.135,28.0,-0.1,0.412,-1.1,1
27475,Jordan Walker,STL,2025,Unknown,396,0.278,0.306,0.584,0.073,0.318,0.091,66.0,-0.4,0.5,-1.2,1
19734,Josh Rojas,CHW,2025,Unknown,211,0.252,0.259,0.512,0.09,0.2269999999999999,0.079,44.0,-2.0,0.368,-1.3,1
13723,Jacob Stallings,- - -,2025,Unknown,129,0.195,0.168,0.363,0.047,0.31,0.034,-7.0,-1.0,0.263,-1.5,1
35041,Jac Caglianone,KCR,2025,Unknown,232,0.237,0.295,0.532,0.078,0.2239999999999999,0.138,46.0,0.1,0.424,-1.6,1
18126,LaMonte Wade Jr.,- - -,2025,Unknown,242,0.271,0.254,0.524,0.1119999999999999,0.24,0.086,52.0,-1.2,0.318,-1.6,1
25845,Michael Toglia,COL,2025,Unknown,337,0.258,0.353,0.611,0.083,0.392,0.163,54.0,-0.5,0.432,-2.2,1
